#
# There is insufficient memory for the Java Runtime Environment to continue.
# Native memory allocation (mmap) failed to map 200278016 bytes. Error detail: G1 virtual space
# Possible reasons:
#   The system is out of physical RAM or swap space
#   This process is running with CompressedOops enabled, and the Java Heap may be blocking the growth of the native heap
# Possible solutions:
#   Reduce memory load on the system
#   Increase physical memory or swap space
#   Check if swap backing store is full
#   Decrease Java heap size (-Xmx/-Xms)
#   Decrease number of Java threads
#   Decrease Java thread stack sizes (-Xss)
#   Set larger code cache with -XX:ReservedCodeCacheSize=
#   JVM is running with Unscaled Compressed Oops mode in which the Java heap is
#     placed in the first 4GB address space. The Java Heap base address is the
#     maximum limit for the native heap growth. Please use -XX:HeapBaseMinAddress
#     to set the Java Heap base and to place the Java Heap above 4GB virtual address.
# This output file may be truncated or incomplete.
#
#  Out of Memory Error (os_windows.cpp:3630), pid=25204, tid=21084
#
# JRE version: OpenJDK Runtime Environment Temurin-17.0.20+8 (17.0.20+8) (build 17.0.20+8)
# Java VM: OpenJDK 64-Bit Server VM Temurin-17.0.20+8 (17.0.20+8, mixed mode, sharing, tiered, compressed oops, compressed class ptrs, g1 gc, windows-amd64)
# No core dump will be written. Minidumps are not enabled by default on client versions of Windows
#

---------------  S U M M A R Y ------------

Command Line: --add-opens=java.base/java.util=ALL-UNNAMED --add-opens=java.base/java.lang=ALL-UNNAMED --add-opens=java.base/java.lang.invoke=ALL-UNNAMED --add-opens=java.prefs/java.util.prefs=ALL-UNNAMED --add-opens=java.base/java.nio.charset=ALL-UNNAMED --add-opens=java.base/java.net=ALL-UNNAMED --add-opens=java.base/java.util.concurrent.atomic=ALL-UNNAMED -Xmx2048m -Dfile.encoding=UTF-8 -Duser.country=US -Duser.language=en -Duser.variant -javaagent:C:\Gradle\gradle-8.7\lib\agents\gradle-instrumentation-agent-8.7.jar org.gradle.launcher.daemon.bootstrap.GradleDaemon 8.7

Host: AMD Ryzen 7 5800H with Radeon Graphics         , 16 cores, 13G,  Windows 11 , 64 bit Build 26100 (10.0.26100.9168)
Time: Tue Aug 25 23:50:51 2026 China Standard Time elapsed time: 54.613503 seconds (0d 0h 0m 54s)

---------------  T H R E A D  ---------------

Current thread (0x000001fb58302010):  VMThread "VM Thread" [stack: 0x000000f3b5900000,0x000000f3b5a00000] [id=21084]

Stack: [0x000000f3b5900000,0x000000f3b5a00000]
Native frames: (J=compiled Java code, j=interpreted, Vv=VM code, C=native code)
V  [jvm.dll+0x684d39]
V  [jvm.dll+0x83a565]
V  [jvm.dll+0x83bfde]
V  [jvm.dll+0x83c663]
V  [jvm.dll+0x2490cf]
V  [jvm.dll+0x681af9]
V  [jvm.dll+0x6768ba]
V  [jvm.dll+0x309467]
V  [jvm.dll+0x310a56]
V  [jvm.dll+0x360f3e]
V  [jvm.dll+0x36117d]
V  [jvm.dll+0x2e04ec]
V  [jvm.dll+0x2de8c2]
V  [jvm.dll+0x2de05c]
V  [jvm.dll+0x320cab]
V  [jvm.dll+0x840e7d]
V  [jvm.dll+0x841bb3]
V  [jvm.dll+0x8420df]
V  [jvm.dll+0x8424c5]
V  [jvm.dll+0x84258e]
V  [jvm.dll+0x7eb17c]
V  [jvm.dll+0x683c07]
C  [ucrtbase.dll+0x2cd30]
C  [KERNEL32.DLL+0x2ccb7]
C  [ntdll.dll+0xaad6c]

VM_Operation (0x000000f3c52f9f30): G1CollectForAllocation, mode: safepoint, requested by thread 0x000001fbb1863fe0


---------------  P R O C E S S  ---------------

Threads class SMR info:
_java_thread_list=0x000001fba0ae3250, length=258, elements={
0x000001fb3722dc20, 0x000001fb582b1df0, 0x000001fb582b4ce0, 0x000001fb583114b0,
0x000001fb58311d80, 0x000001fb58312a60, 0x000001fb58315340, 0x000001fb58315f40,
0x000001fb58319480, 0x000001fb5832aaf0, 0x000001fb5829d680, 0x000001fb5854dbc0,
0x000001fb9f8cd020, 0x000001fb586be990, 0x000001fb9fdb72b0, 0x000001fb9ee0baa0,
0x000001fb9ee0bf80, 0x000001fb9f221940, 0x000001fb9f222360, 0x000001fb9f222870,
0x000001fb9f21fae0, 0x000001fb9f221430, 0x000001fb9f220500, 0x000001fb9f222d80,
0x000001fb9f221e50, 0x000001fb9f220a10, 0x000001fb9f220f20, 0x000001fb9f223290,
0x000001fba31b78b0, 0x000001fba31ba640, 0x000001fba31b6e90, 0x000001fba31b87e0,
0x000001fba31bab50, 0x000001fba31b7dc0, 0x000001fba31b9200, 0x000001fba31b8cf0,
0x000001fba31b9710, 0x000001fba31b73a0, 0x000001fba31bba80, 0x000001fba31bc9b0,
0x000001fba31bd3d0, 0x000001fba31bb060, 0x000001fba31bb570, 0x000001fba31bc4a0,
0x000001fba31b9c20, 0x000001fba31bbf90, 0x000001fba31bcec0, 0x000001fba31bd8e0,
0x000001fba31ba130, 0x000001fba31bddf0, 0x000001fba31be300, 0x000001fba31be810,
0x000001fba26698b0, 0x000001fba2668e90, 0x000001fba266a7e0, 0x000001fba26693a0,
0x000001fba2668980, 0x000001fba2669dc0, 0x000001fba2667030, 0x000001fba266acf0,
0x000001fba2667540, 0x000001fba266b200, 0x000001fba2668470, 0x000001fba266d570,
0x000001fba42cf280, 0x000001fba42d61e0, 0x000001fba42d4890, 0x000001fba42d4da0,
0x000001fba42d57c0, 0x000001fba266bc20, 0x000001fba44913d0, 0x000001fba448fa80,
0x000001fba4492300, 0x000001fba448f060, 0x000001fba44918e0, 0x000001fba4492810,
0x000001fba448ff90, 0x000001fba44909b0, 0x000001fba4490ec0, 0x000001fba4491df0,
0x000001fba44904a0, 0x000001fba4492d20, 0x000001fba4495fc0, 0x000001fba4494160,
0x000001fba4494670, 0x000001fba4495ab0, 0x000001fba4493740, 0x000001fba4494b80,
0x000001fba44964d0, 0x000001fba44969e0, 0x000001fba4493230, 0x000001fba4495090,
0x000001fba4493c50, 0x000001fbb14a15a0, 0x000001fbb14a3400, 0x000001fbb14a0670,
0x000001fbb14a0b80, 0x000001fbb14a24d0, 0x000001fbb14a29e0, 0x000001fbb14a1090,
0x000001fbb14a3e20, 0x000001fbb14a4d50, 0x000001fbb14a2ef0, 0x000001fbb14a1fc0,
0x000001fbb14a3910, 0x000001fbb14a4330, 0x000001fbb14a4840, 0x000001fbb14a5260,
0x000001fbb14a1ab0, 0x000001fbb14a5770, 0x000001fbb14a5c80, 0x000001fbb14a7ae0,
0x000001fbb14a6bb0, 0x000001fbb14a6190, 0x000001fbb14a66a0, 0x000001fbb14a70c0,
0x000001fbb14a75d0, 0x000001fbb14a7ff0, 0x000001fb9fcd4480, 0x000001fb9fcd67f0,
0x000001fb9fcd58c0, 0x000001fb9fcd4990, 0x000001fb9fcd3550, 0x000001fb9fcd3a60,
0x000001fb9fcd3f70, 0x000001fb9fcd4ea0, 0x000001fb9fcd5dd0, 0x000001fb9fcd62e0,
0x000001fb9fcd53b0, 0x000001fb9fcd3040, 0x000001fb9fcd9a90, 0x000001fb9fcd7210,
0x000001fb9fcd8b60, 0x000001fb9fcd9fa0, 0x000001fb9fcd9070, 0x000001fb9fcd7c30,
0x000001fb9fcd6d00, 0x000001fb9fcd8140, 0x000001fb9fcd9580, 0x000001fb9fcda4b0,
0x000001fb9fcda9c0, 0x000001fb9fcd7720, 0x000001fb9fcd8650, 0x000001fbb16a9670,
0x000001fbb16aaab0, 0x000001fbb16a9b80, 0x000001fbb16a8230, 0x000001fbb16aa090,
0x000001fbb16aa5a0, 0x000001fbb16aafc0, 0x000001fbb16ab4d0, 0x000001fbb16a8740,
0x000001fbb16ab9e0, 0x000001fbb16a8c50, 0x000001fbb135a1d0, 0x000001fbb135abf0,
0x000001fbb135c030, 0x000001fbb13592a0, 0x000001fbb1358d90, 0x000001fbb1359cc0,
0x000001fbb135bb20, 0x000001fbb1358880, 0x000001fbb135c540, 0x000001fbb135b100,
0x000001fbb135ca50, 0x000001fbb135cf60, 0x000001fbb135b610, 0x000001fbb135d470,
0x000001fbb135d980, 0x000001fbb135de90, 0x000001fbb135a6e0, 0x000001fbb135e8b0,
0x000001fbb135f2d0, 0x000001fbb135e3a0, 0x000001fbb135f7e0, 0x000001fbb1360200,
0x000001fbb135edc0, 0x000001fbb135fcf0, 0x000001fbb16a9160, 0x000001fbb13dc220,
0x000001fbb13dc730, 0x000001fbb13db800, 0x000001fbb13db2f0, 0x000001fbb13d9eb0,
0x000001fbb13da3c0, 0x000001fbb13dade0, 0x000001fbb13da8d0, 0x000001fbb13dbd10,
0x000001fbb13dcc40, 0x000001fbb13dd150, 0x000001fbb13d99a0, 0x000001fbb13e0900,
0x000001fbb13e0e10, 0x000001fbb13df4c0, 0x000001fbb13dd660, 0x000001fbb13deaa0,
0x000001fbb13df9d0, 0x000001fbb13ddb70, 0x000001fbb13dfee0, 0x000001fbb13de590,
0x000001fbb13de080, 0x000001fbb13defb0, 0x000001fbb13e1320, 0x000001fbb13e03f0,
0x000001fbb185c150, 0x000001fbb185daa0, 0x000001fbb185c660, 0x000001fbb185dfb0,
0x000001fbb185d590, 0x000001fbb185cb70, 0x000001fbb185d080, 0x000001fbb185e4c0,
0x000001fbb185b730, 0x000001fbb1861760, 0x000001fbb1862180, 0x000001fbb1862690,
0x000001fbb1860320, 0x000001fbb1862ba0, 0x000001fbb1861250, 0x000001fbb18630b0,
0x000001fb9e87f2b0, 0x000001fbb1863fe0, 0x000001fbb1860830, 0x000001fbb1864a00,
0x000001fbb1867ca0, 0x000001fbb1866350, 0x000001fbb1864f10, 0x000001fbb1866860,
0x000001fbb1867790, 0x000001fbb18644f0, 0x000001fbb1866d70, 0x000001fbb1867280,
0x000001fbb18681b0, 0x000001fbb18686c0, 0x000001fbb1868bd0, 0x000001fb9f21fff0,
0x000001fbb186a520, 0x000001fba42d3e70, 0x000001fba44955a0, 0x000001fba4b56f70,
0x000001fba4b56040, 0x000001fba4b56a60, 0x000001fba4b57480, 0x000001fba4b541e0,
0x000001fba4b55b30, 0x000001fba4b56550, 0x000001fba4b53cd0, 0x000001fba4b57ea0,
0x000001fba4b546f0, 0x000001fba4b55620, 0x000001fba4b57990, 0x000001fba4b5b650,
0x000001fba4b5a210, 0x000001fba4b59d00, 0x000001fba4b5a720, 0x000001fba4b5ac30,
0x000001fba4b592e0, 0x000001fba4b58dd0
}

Java Threads: ( => current thread )
  0x000001fb3722dc20 JavaThread "main" [_thread_blocked, id=2656, stack(0x000000f3b5300000,0x000000f3b5400000)]
  0x000001fb582b1df0 JavaThread "Reference Handler" daemon [_thread_blocked, id=8792, stack(0x000000f3b5a00000,0x000000f3b5b00000)]
  0x000001fb582b4ce0 JavaThread "Finalizer" daemon [_thread_blocked, id=30216, stack(0x000000f3b5b00000,0x000000f3b5c00000)]
  0x000001fb583114b0 JavaThread "Signal Dispatcher" daemon [_thread_blocked, id=4940, stack(0x000000f3b5c00000,0x000000f3b5d00000)]
  0x000001fb58311d80 JavaThread "Attach Listener" daemon [_thread_blocked, id=22204, stack(0x000000f3b5d00000,0x000000f3b5e00000)]
  0x000001fb58312a60 JavaThread "Service Thread" daemon [_thread_blocked, id=34708, stack(0x000000f3b5e00000,0x000000f3b5f00000)]
  0x000001fb58315340 JavaThread "Monitor Deflation Thread" daemon [_thread_blocked, id=33928, stack(0x000000f3b5f00000,0x000000f3b6000000)]
  0x000001fb58315f40 JavaThread "C2 CompilerThread0" daemon [_thread_blocked, id=33968, stack(0x000000f3b6000000,0x000000f3b6100000)]
  0x000001fb58319480 JavaThread "C1 CompilerThread0" daemon [_thread_blocked, id=28060, stack(0x000000f3b6100000,0x000000f3b6200000)]
  0x000001fb5832aaf0 JavaThread "Sweeper thread" daemon [_thread_blocked, id=25908, stack(0x000000f3b6200000,0x000000f3b6300000)]
  0x000001fb5829d680 JavaThread "Common-Cleaner" daemon [_thread_blocked, id=31064, stack(0x000000f3b6300000,0x000000f3b6400000)]
  0x000001fb5854dbc0 JavaThread "Notification Thread" daemon [_thread_blocked, id=24772, stack(0x000000f3b6700000,0x000000f3b6800000)]
  0x000001fb9f8cd020 JavaThread "Daemon health stats" [_thread_blocked, id=35028, stack(0x000000f3b6f00000,0x000000f3b7000000)]
  0x000001fb586be990 JavaThread "Incoming local TCP Connector on port 3300" [_thread_in_native, id=29360, stack(0x000000f3b6900000,0x000000f3b6a00000)]
  0x000001fb9fdb72b0 JavaThread "Daemon periodic checks" [_thread_blocked, id=24536, stack(0x000000f3b7000000,0x000000f3b7100000)]
  0x000001fb9ee0baa0 JavaThread "Daemon" [_thread_blocked, id=12336, stack(0x000000f3b6600000,0x000000f3b6700000)]
  0x000001fb9ee0bf80 JavaThread "Handler for socket connection from /127.0.0.1:3300 to /127.0.0.1:3302" [_thread_in_native, id=7412, stack(0x000000f3b7100000,0x000000f3b7200000)]
  0x000001fb9f221940 JavaThread "Cancel handler" [_thread_blocked, id=25312, stack(0x000000f3b7200000,0x000000f3b7300000)]
  0x000001fb9f222360 JavaThread "Daemon worker" [_thread_blocked, id=19272, stack(0x000000f3b7300000,0x000000f3b7400000)]
  0x000001fb9f222870 JavaThread "Asynchronous log dispatcher for DefaultDaemonConnection: socket connection from /127.0.0.1:3300 to /127.0.0.1:3302" [_thread_blocked, id=23408, stack(0x000000f3b7400000,0x000000f3b7500000)]
  0x000001fb9f21fae0 JavaThread "Stdin handler" [_thread_blocked, id=14016, stack(0x000000f3b7500000,0x000000f3b7600000)]
  0x000001fb9f221430 JavaThread "Daemon client event forwarder" [_thread_blocked, id=32576, stack(0x000000f3b7600000,0x000000f3b7700000)]
  0x000001fb9f220500 JavaThread "Cache worker for journal cache (C:\Users\ZOZN109\.gradle\caches\journal-1)" [_thread_blocked, id=7872, stack(0x000000f3b7800000,0x000000f3b7900000)]
  0x000001fb9f222d80 JavaThread "File lock request listener" [_thread_in_native, id=25944, stack(0x000000f3b7900000,0x000000f3b7a00000)]
  0x000001fb9f221e50 JavaThread "Cache worker for file hash cache (C:\Users\ZOZN109\.gradle\caches\8.7\fileHashes)" [_thread_blocked, id=8480, stack(0x000000f3b7a00000,0x000000f3b7b00000)]
  0x000001fb9f220a10 JavaThread "Cache worker for file hash cache (D:\Documents\GitHub\microuter\android-app\.gradle\8.7\fileHashes)" [_thread_blocked, id=7728, stack(0x000000f3b7c00000,0x000000f3b7d00000)]
  0x000001fb9f220f20 JavaThread "File watcher server" daemon [_thread_blocked, id=34000, stack(0x000000f3b7d00000,0x000000f3b7e00000)]
  0x000001fb9f223290 JavaThread "File watcher consumer" daemon [_thread_blocked, id=31936, stack(0x000000f3b7e00000,0x000000f3b7f00000)]
  0x000001fba31b78b0 JavaThread "Cache worker for checksums cache (D:\Documents\GitHub\microuter\android-app\.gradle\8.7\checksums)" [_thread_blocked, id=34820, stack(0x000000f3b8900000,0x000000f3b8a00000)]
  0x000001fba31ba640 JavaThread "Cache worker for cache directory md-supplier (C:\Users\ZOZN109\.gradle\caches\8.7\md-supplier)" [_thread_blocked, id=19152, stack(0x000000f3b8a00000,0x000000f3b8b00000)]
  0x000001fba31b6e90 JavaThread "Cache worker for cache directory md-rule (C:\Users\ZOZN109\.gradle\caches\8.7\md-rule)" [_thread_blocked, id=4120, stack(0x000000f3b8b00000,0x000000f3b8c00000)]
  0x000001fba31b87e0 JavaThread "Cache worker for file content cache (C:\Users\ZOZN109\.gradle\caches\8.7\fileContent)" [_thread_blocked, id=5352, stack(0x000000f3b8c00000,0x000000f3b8d00000)]
  0x000001fba31bab50 JavaThread "Cache worker for Build Output Cleanup Cache (D:\Documents\GitHub\microuter\android-app\.gradle\buildOutputCleanup)" [_thread_blocked, id=11372, stack(0x000000f3b8d00000,0x000000f3b8e00000)]
  0x000001fba31b7dc0 JavaThread "Unconstrained build operations" [_thread_blocked, id=33940, stack(0x000000f3b8e00000,0x000000f3b8f00000)]
  0x000001fba31b9200 JavaThread "Unconstrained build operations Thread 2" [_thread_blocked, id=21228, stack(0x000000f3b8f00000,0x000000f3b9000000)]
  0x000001fba31b8cf0 JavaThread "Unconstrained build operations Thread 3" [_thread_blocked, id=34456, stack(0x000000f3b9000000,0x000000f3b9100000)]
  0x000001fba31b9710 JavaThread "Unconstrained build operations Thread 4" [_thread_blocked, id=12672, stack(0x000000f3b9100000,0x000000f3b9200000)]
  0x000001fba31b73a0 JavaThread "Unconstrained build operations Thread 5" [_thread_blocked, id=31956, stack(0x000000f3b9200000,0x000000f3b9300000)]
  0x000001fba31bba80 JavaThread "Unconstrained build operations Thread 6" [_thread_blocked, id=27216, stack(0x000000f3b9300000,0x000000f3b9400000)]
  0x000001fba31bc9b0 JavaThread "Unconstrained build operations Thread 7" [_thread_blocked, id=34248, stack(0x000000f3b9400000,0x000000f3b9500000)]
  0x000001fba31bd3d0 JavaThread "Unconstrained build operations Thread 8" [_thread_blocked, id=23036, stack(0x000000f3b9500000,0x000000f3b9600000)]
  0x000001fba31bb060 JavaThread "Unconstrained build operations Thread 9" [_thread_blocked, id=27664, stack(0x000000f3b9600000,0x000000f3b9700000)]
  0x000001fba31bb570 JavaThread "Unconstrained build operations Thread 10" [_thread_blocked, id=14144, stack(0x000000f3b9700000,0x000000f3b9800000)]
  0x000001fba31bc4a0 JavaThread "Unconstrained build operations Thread 11" [_thread_blocked, id=12164, stack(0x000000f3b9800000,0x000000f3b9900000)]
  0x000001fba31b9c20 JavaThread "Unconstrained build operations Thread 12" [_thread_blocked, id=16120, stack(0x000000f3b9900000,0x000000f3b9a00000)]
  0x000001fba31bbf90 JavaThread "Unconstrained build operations Thread 13" [_thread_blocked, id=8872, stack(0x000000f3b9a00000,0x000000f3b9b00000)]
  0x000001fba31bcec0 JavaThread "Unconstrained build operations Thread 14" [_thread_blocked, id=26368, stack(0x000000f3b9b00000,0x000000f3b9c00000)]
  0x000001fba31bd8e0 JavaThread "Unconstrained build operations Thread 15" [_thread_blocked, id=31320, stack(0x000000f3b9c00000,0x000000f3b9d00000)]
  0x000001fba31ba130 JavaThread "Unconstrained build operations Thread 16" [_thread_blocked, id=32160, stack(0x000000f3b9d00000,0x000000f3b9e00000)]
  0x000001fba31bddf0 JavaThread "Unconstrained build operations Thread 17" [_thread_blocked, id=31040, stack(0x000000f3b9e00000,0x000000f3b9f00000)]
  0x000001fba31be300 JavaThread "Unconstrained build operations Thread 18" [_thread_blocked, id=29828, stack(0x000000f3b9f00000,0x000000f3ba000000)]
  0x000001fba31be810 JavaThread "Unconstrained build operations Thread 19" [_thread_blocked, id=24816, stack(0x000000f3ba000000,0x000000f3ba100000)]
  0x000001fba26698b0 JavaThread "Unconstrained build operations Thread 20" [_thread_blocked, id=33580, stack(0x000000f3ba100000,0x000000f3ba200000)]
  0x000001fba2668e90 JavaThread "Unconstrained build operations Thread 21" [_thread_blocked, id=25240, stack(0x000000f3ba200000,0x000000f3ba300000)]
  0x000001fba266a7e0 JavaThread "Unconstrained build operations Thread 22" [_thread_blocked, id=25484, stack(0x000000f3ba300000,0x000000f3ba400000)]
  0x000001fba26693a0 JavaThread "Unconstrained build operations Thread 23" [_thread_blocked, id=25128, stack(0x000000f3ba400000,0x000000f3ba500000)]
  0x000001fba2668980 JavaThread "Unconstrained build operations Thread 24" [_thread_blocked, id=18996, stack(0x000000f3ba500000,0x000000f3ba600000)]
  0x000001fba2669dc0 JavaThread "Unconstrained build operations Thread 25" [_thread_blocked, id=30740, stack(0x000000f3ba600000,0x000000f3ba700000)]
  0x000001fba2667030 JavaThread "Unconstrained build operations Thread 26" [_thread_blocked, id=19360, stack(0x000000f3ba700000,0x000000f3ba800000)]
  0x000001fba266acf0 JavaThread "Unconstrained build operations Thread 27" [_thread_blocked, id=24256, stack(0x000000f3ba800000,0x000000f3ba900000)]
  0x000001fba2667540 JavaThread "Unconstrained build operations Thread 28" [_thread_blocked, id=14848, stack(0x000000f3ba900000,0x000000f3baa00000)]
  0x000001fba266b200 JavaThread "Unconstrained build operations Thread 29" [_thread_blocked, id=7632, stack(0x000000f3baa00000,0x000000f3bab00000)]
  0x000001fba2668470 JavaThread "Unconstrained build operations Thread 30" [_thread_blocked, id=21336, stack(0x000000f3bab00000,0x000000f3bac00000)]
  0x000001fba266d570 JavaThread "Memory manager" [_thread_blocked, id=29116, stack(0x000000f3b7700000,0x000000f3b7800000)]
  0x000001fba42cf280 JavaThread "build event listener" [_thread_blocked, id=35296, stack(0x000000f3b7b00000,0x000000f3b7c00000)]
  0x000001fba42d61e0 JavaThread "included builds" [_thread_blocked, id=35516, stack(0x000000f3bb300000,0x000000f3bb400000)]
  0x000001fba42d4890 JavaThread "Execution worker" [_thread_blocked, id=29684, stack(0x000000f3bb400000,0x000000f3bb500000)]
  0x000001fba42d4da0 JavaThread "Execution worker Thread 2" [_thread_blocked, id=23284, stack(0x000000f3bb500000,0x000000f3bb600000)]
  0x000001fba42d57c0 JavaThread "Execution worker Thread 3" [_thread_blocked, id=5288, stack(0x000000f3bb600000,0x000000f3bb700000)]
  0x000001fba266bc20 JavaThread "Execution worker Thread 4" [_thread_blocked, id=19816, stack(0x000000f3bb700000,0x000000f3bb800000)]
  0x000001fba44913d0 JavaThread "Execution worker Thread 5" [_thread_blocked, id=1860, stack(0x000000f3bb800000,0x000000f3bb900000)]
  0x000001fba448fa80 JavaThread "Execution worker Thread 6" [_thread_blocked, id=32180, stack(0x000000f3bb900000,0x000000f3bba00000)]
  0x000001fba4492300 JavaThread "Execution worker Thread 7" [_thread_blocked, id=11196, stack(0x000000f3bba00000,0x000000f3bbb00000)]
  0x000001fba448f060 JavaThread "Execution worker Thread 8" [_thread_blocked, id=28408, stack(0x000000f3bbb00000,0x000000f3bbc00000)]
  0x000001fba44918e0 JavaThread "Execution worker Thread 9" [_thread_blocked, id=1616, stack(0x000000f3bbc00000,0x000000f3bbd00000)]
  0x000001fba4492810 JavaThread "Execution worker Thread 10" [_thread_blocked, id=33760, stack(0x000000f3bbd00000,0x000000f3bbe00000)]
  0x000001fba448ff90 JavaThread "Execution worker Thread 11" [_thread_blocked, id=32812, stack(0x000000f3bbe00000,0x000000f3bbf00000)]
  0x000001fba44909b0 JavaThread "Execution worker Thread 12" [_thread_blocked, id=35624, stack(0x000000f3bbf00000,0x000000f3bc000000)]
  0x000001fba4490ec0 JavaThread "Execution worker Thread 13" [_thread_blocked, id=2408, stack(0x000000f3bc000000,0x000000f3bc100000)]
  0x000001fba4491df0 JavaThread "Execution worker Thread 14" [_thread_blocked, id=8836, stack(0x000000f3bc100000,0x000000f3bc200000)]
  0x000001fba44904a0 JavaThread "Execution worker Thread 15" [_thread_blocked, id=19532, stack(0x000000f3bc200000,0x000000f3bc300000)]
  0x000001fba4492d20 JavaThread "Cache worker for execution history cache (D:\Documents\GitHub\microuter\android-app\.gradle\8.7\executionHistory)" [_thread_blocked, id=29628, stack(0x000000f3bc300000,0x000000f3bc400000)]
  0x000001fba4495fc0 JavaThread "Unconstrained build operations Thread 31" [_thread_blocked, id=20856, stack(0x000000f3bc400000,0x000000f3bc500000)]
  0x000001fba4494160 JavaThread "Unconstrained build operations Thread 32" [_thread_blocked, id=34504, stack(0x000000f3bc500000,0x000000f3bc600000)]
  0x000001fba4494670 JavaThread "Unconstrained build operations Thread 33" [_thread_blocked, id=31860, stack(0x000000f3bc600000,0x000000f3bc700000)]
  0x000001fba4495ab0 JavaThread "Unconstrained build operations Thread 34" [_thread_blocked, id=2456, stack(0x000000f3bc700000,0x000000f3bc800000)]
  0x000001fba4493740 JavaThread "Unconstrained build operations Thread 35" [_thread_blocked, id=12960, stack(0x000000f3bc800000,0x000000f3bc900000)]
  0x000001fba4494b80 JavaThread "Unconstrained build operations Thread 36" [_thread_blocked, id=30780, stack(0x000000f3bc900000,0x000000f3bca00000)]
  0x000001fba44964d0 JavaThread "Unconstrained build operations Thread 37" [_thread_blocked, id=35496, stack(0x000000f3bca00000,0x000000f3bcb00000)]
  0x000001fba44969e0 JavaThread "Unconstrained build operations Thread 38" [_thread_blocked, id=22888, stack(0x000000f3bcb00000,0x000000f3bcc00000)]
  0x000001fba4493230 JavaThread "Unconstrained build operations Thread 39" [_thread_blocked, id=10836, stack(0x000000f3bcc00000,0x000000f3bcd00000)]
  0x000001fba4495090 JavaThread "Unconstrained build operations Thread 40" [_thread_blocked, id=12524, stack(0x000000f3bcd00000,0x000000f3bce00000)]
  0x000001fba4493c50 JavaThread "Unconstrained build operations Thread 41" [_thread_blocked, id=35208, stack(0x000000f3bce00000,0x000000f3bcf00000)]
  0x000001fbb14a15a0 JavaThread "Unconstrained build operations Thread 42" [_thread_blocked, id=13904, stack(0x000000f3bcf00000,0x000000f3bd000000)]
  0x000001fbb14a3400 JavaThread "Unconstrained build operations Thread 43" [_thread_blocked, id=32424, stack(0x000000f3bd000000,0x000000f3bd100000)]
  0x000001fbb14a0670 JavaThread "Unconstrained build operations Thread 44" [_thread_blocked, id=32732, stack(0x000000f3bd100000,0x000000f3bd200000)]
  0x000001fbb14a0b80 JavaThread "Unconstrained build operations Thread 45" [_thread_blocked, id=21872, stack(0x000000f3bd200000,0x000000f3bd300000)]
  0x000001fbb14a24d0 JavaThread "Unconstrained build operations Thread 46" [_thread_blocked, id=15084, stack(0x000000f3bd300000,0x000000f3bd400000)]
  0x000001fbb14a29e0 JavaThread "Unconstrained build operations Thread 47" [_thread_blocked, id=23840, stack(0x000000f3bd400000,0x000000f3bd500000)]
  0x000001fbb14a1090 JavaThread "Unconstrained build operations Thread 48" [_thread_blocked, id=35628, stack(0x000000f3bd500000,0x000000f3bd600000)]
  0x000001fbb14a3e20 JavaThread "Unconstrained build operations Thread 49" [_thread_blocked, id=17764, stack(0x000000f3bd600000,0x000000f3bd700000)]
  0x000001fbb14a4d50 JavaThread "Unconstrained build operations Thread 50" [_thread_blocked, id=16212, stack(0x000000f3bd700000,0x000000f3bd800000)]
  0x000001fbb14a2ef0 JavaThread "Unconstrained build operations Thread 51" [_thread_blocked, id=29364, stack(0x000000f3bd800000,0x000000f3bd900000)]
  0x000001fbb14a1fc0 JavaThread "Unconstrained build operations Thread 52" [_thread_blocked, id=35660, stack(0x000000f3bd900000,0x000000f3bda00000)]
  0x000001fbb14a3910 JavaThread "Unconstrained build operations Thread 53" [_thread_blocked, id=35732, stack(0x000000f3bda00000,0x000000f3bdb00000)]
  0x000001fbb14a4330 JavaThread "Unconstrained build operations Thread 54" [_thread_blocked, id=34368, stack(0x000000f3bdb00000,0x000000f3bdc00000)]
  0x000001fbb14a4840 JavaThread "Unconstrained build operations Thread 55" [_thread_blocked, id=8400, stack(0x000000f3bdc00000,0x000000f3bdd00000)]
  0x000001fbb14a5260 JavaThread "Unconstrained build operations Thread 56" [_thread_blocked, id=4080, stack(0x000000f3bdd00000,0x000000f3bde00000)]
  0x000001fbb14a1ab0 JavaThread "Unconstrained build operations Thread 57" [_thread_blocked, id=22604, stack(0x000000f3bde00000,0x000000f3bdf00000)]
  0x000001fbb14a5770 JavaThread "Unconstrained build operations Thread 58" [_thread_blocked, id=26228, stack(0x000000f3bdf00000,0x000000f3be000000)]
  0x000001fbb14a5c80 JavaThread "Unconstrained build operations Thread 59" [_thread_blocked, id=28152, stack(0x000000f3be000000,0x000000f3be100000)]
  0x000001fbb14a7ae0 JavaThread "Unconstrained build operations Thread 60" [_thread_blocked, id=29772, stack(0x000000f3be100000,0x000000f3be200000)]
  0x000001fbb14a6bb0 JavaThread "Unconstrained build operations Thread 61" [_thread_blocked, id=30632, stack(0x000000f3be200000,0x000000f3be300000)]
  0x000001fbb14a6190 JavaThread "Unconstrained build operations Thread 62" [_thread_blocked, id=35528, stack(0x000000f3be300000,0x000000f3be400000)]
  0x000001fbb14a66a0 JavaThread "Unconstrained build operations Thread 63" [_thread_blocked, id=17620, stack(0x000000f3be400000,0x000000f3be500000)]
  0x000001fbb14a70c0 JavaThread "Unconstrained build operations Thread 64" [_thread_blocked, id=24524, stack(0x000000f3be500000,0x000000f3be600000)]
  0x000001fbb14a75d0 JavaThread "Unconstrained build operations Thread 65" [_thread_blocked, id=34768, stack(0x000000f3be600000,0x000000f3be700000)]
  0x000001fbb14a7ff0 JavaThread "Unconstrained build operations Thread 66" [_thread_blocked, id=31908, stack(0x000000f3be700000,0x000000f3be800000)]
  0x000001fb9fcd4480 JavaThread "Unconstrained build operations Thread 67" [_thread_blocked, id=34848, stack(0x000000f3be800000,0x000000f3be900000)]
  0x000001fb9fcd67f0 JavaThread "Unconstrained build operations Thread 68" [_thread_blocked, id=33612, stack(0x000000f3be900000,0x000000f3bea00000)]
  0x000001fb9fcd58c0 JavaThread "Unconstrained build operations Thread 69" [_thread_blocked, id=9172, stack(0x000000f3bea00000,0x000000f3beb00000)]
  0x000001fb9fcd4990 JavaThread "Unconstrained build operations Thread 70" [_thread_blocked, id=16812, stack(0x000000f3beb00000,0x000000f3bec00000)]
  0x000001fb9fcd3550 JavaThread "Unconstrained build operations Thread 71" [_thread_blocked, id=22688, stack(0x000000f3bec00000,0x000000f3bed00000)]
  0x000001fb9fcd3a60 JavaThread "Unconstrained build operations Thread 72" [_thread_blocked, id=31364, stack(0x000000f3bed00000,0x000000f3bee00000)]
  0x000001fb9fcd3f70 JavaThread "Unconstrained build operations Thread 73" [_thread_blocked, id=33400, stack(0x000000f3bee00000,0x000000f3bef00000)]
  0x000001fb9fcd4ea0 JavaThread "Unconstrained build operations Thread 74" [_thread_blocked, id=30772, stack(0x000000f3bef00000,0x000000f3bf000000)]
  0x000001fb9fcd5dd0 JavaThread "Unconstrained build operations Thread 75" [_thread_blocked, id=24652, stack(0x000000f3bf000000,0x000000f3bf100000)]
  0x000001fb9fcd62e0 JavaThread "Unconstrained build operations Thread 76" [_thread_blocked, id=28032, stack(0x000000f3bf100000,0x000000f3bf200000)]
  0x000001fb9fcd53b0 JavaThread "Unconstrained build operations Thread 77" [_thread_blocked, id=24556, stack(0x000000f3bf200000,0x000000f3bf300000)]
  0x000001fb9fcd3040 JavaThread "Unconstrained build operations Thread 78" [_thread_blocked, id=35688, stack(0x000000f3bf300000,0x000000f3bf400000)]
  0x000001fb9fcd9a90 JavaThread "Unconstrained build operations Thread 79" [_thread_blocked, id=22980, stack(0x000000f3bf400000,0x000000f3bf500000)]
  0x000001fb9fcd7210 JavaThread "Unconstrained build operations Thread 80" [_thread_blocked, id=7132, stack(0x000000f3bf500000,0x000000f3bf600000)]
  0x000001fb9fcd8b60 JavaThread "Unconstrained build operations Thread 81" [_thread_blocked, id=1684, stack(0x000000f3bf600000,0x000000f3bf700000)]
  0x000001fb9fcd9fa0 JavaThread "Unconstrained build operations Thread 82" [_thread_blocked, id=3344, stack(0x000000f3bf700000,0x000000f3bf800000)]
  0x000001fb9fcd9070 JavaThread "Unconstrained build operations Thread 83" [_thread_blocked, id=31304, stack(0x000000f3bf800000,0x000000f3bf900000)]
  0x000001fb9fcd7c30 JavaThread "Unconstrained build operations Thread 84" [_thread_blocked, id=31196, stack(0x000000f3bf900000,0x000000f3bfa00000)]
  0x000001fb9fcd6d00 JavaThread "Unconstrained build operations Thread 85" [_thread_blocked, id=11680, stack(0x000000f3bfa00000,0x000000f3bfb00000)]
  0x000001fb9fcd8140 JavaThread "Unconstrained build operations Thread 86" [_thread_blocked, id=11008, stack(0x000000f3bfb00000,0x000000f3bfc00000)]
  0x000001fb9fcd9580 JavaThread "Unconstrained build operations Thread 87" [_thread_blocked, id=27156, stack(0x000000f3bfc00000,0x000000f3bfd00000)]
  0x000001fb9fcda4b0 JavaThread "Unconstrained build operations Thread 88" [_thread_blocked, id=31032, stack(0x000000f3bfd00000,0x000000f3bfe00000)]
  0x000001fb9fcda9c0 JavaThread "Unconstrained build operations Thread 89" [_thread_blocked, id=34092, stack(0x000000f3bfe00000,0x000000f3bff00000)]
  0x000001fb9fcd7720 JavaThread "Unconstrained build operations Thread 90" [_thread_blocked, id=29456, stack(0x000000f3bff00000,0x000000f3c0000000)]
  0x000001fb9fcd8650 JavaThread "Unconstrained build operations Thread 91" [_thread_blocked, id=29012, stack(0x000000f3c0000000,0x000000f3c0100000)]
  0x000001fbb16a9670 JavaThread "Unconstrained build operations Thread 92" [_thread_blocked, id=31100, stack(0x000000f3c0100000,0x000000f3c0200000)]
  0x000001fbb16aaab0 JavaThread "Unconstrained build operations Thread 93" [_thread_blocked, id=34904, stack(0x000000f3c0200000,0x000000f3c0300000)]
  0x000001fbb16a9b80 JavaThread "Unconstrained build operations Thread 94" [_thread_blocked, id=31120, stack(0x000000f3c0300000,0x000000f3c0400000)]
  0x000001fbb16a8230 JavaThread "Unconstrained build operations Thread 95" [_thread_blocked, id=34832, stack(0x000000f3c0400000,0x000000f3c0500000)]
  0x000001fbb16aa090 JavaThread "Unconstrained build operations Thread 96" [_thread_blocked, id=20612, stack(0x000000f3c0500000,0x000000f3c0600000)]
  0x000001fbb16aa5a0 JavaThread "Unconstrained build operations Thread 97" [_thread_blocked, id=23868, stack(0x000000f3c0600000,0x000000f3c0700000)]
  0x000001fbb16aafc0 JavaThread "Unconstrained build operations Thread 98" [_thread_blocked, id=27856, stack(0x000000f3c0700000,0x000000f3c0800000)]
  0x000001fbb16ab4d0 JavaThread "Unconstrained build operations Thread 99" [_thread_blocked, id=29500, stack(0x000000f3c0800000,0x000000f3c0900000)]
  0x000001fbb16a8740 JavaThread "Unconstrained build operations Thread 100" [_thread_blocked, id=27116, stack(0x000000f3c0900000,0x000000f3c0a00000)]
  0x000001fbb16ab9e0 JavaThread "Unconstrained build operations Thread 101" [_thread_blocked, id=23608, stack(0x000000f3c0a00000,0x000000f3c0b00000)]
  0x000001fbb16a8c50 JavaThread "Unconstrained build operations Thread 102" [_thread_blocked, id=35724, stack(0x000000f3c0b00000,0x000000f3c0c00000)]
  0x000001fbb135a1d0 JavaThread "Unconstrained build operations Thread 103" [_thread_blocked, id=7068, stack(0x000000f3c0c00000,0x000000f3c0d00000)]
  0x000001fbb135abf0 JavaThread "Unconstrained build operations Thread 104" [_thread_blocked, id=22304, stack(0x000000f3c0d00000,0x000000f3c0e00000)]
  0x000001fbb135c030 JavaThread "Unconstrained build operations Thread 105" [_thread_blocked, id=35188, stack(0x000000f3c0e00000,0x000000f3c0f00000)]
  0x000001fbb13592a0 JavaThread "Unconstrained build operations Thread 106" [_thread_blocked, id=29244, stack(0x000000f3c0f00000,0x000000f3c1000000)]
  0x000001fbb1358d90 JavaThread "Unconstrained build operations Thread 107" [_thread_blocked, id=34876, stack(0x000000f3c1000000,0x000000f3c1100000)]
  0x000001fbb1359cc0 JavaThread "Unconstrained build operations Thread 108" [_thread_blocked, id=34672, stack(0x000000f3c1100000,0x000000f3c1200000)]
  0x000001fbb135bb20 JavaThread "Unconstrained build operations Thread 109" [_thread_blocked, id=35432, stack(0x000000f3c1200000,0x000000f3c1300000)]
  0x000001fbb1358880 JavaThread "Unconstrained build operations Thread 110" [_thread_blocked, id=29408, stack(0x000000f3c1300000,0x000000f3c1400000)]
  0x000001fbb135c540 JavaThread "Unconstrained build operations Thread 111" [_thread_blocked, id=30724, stack(0x000000f3c1400000,0x000000f3c1500000)]
  0x000001fbb135b100 JavaThread "Unconstrained build operations Thread 112" [_thread_blocked, id=14664, stack(0x000000f3c1500000,0x000000f3c1600000)]
  0x000001fbb135ca50 JavaThread "Unconstrained build operations Thread 113" [_thread_blocked, id=8704, stack(0x000000f3c1600000,0x000000f3c1700000)]
  0x000001fbb135cf60 JavaThread "Unconstrained build operations Thread 114" [_thread_blocked, id=25116, stack(0x000000f3c1700000,0x000000f3c1800000)]
  0x000001fbb135b610 JavaThread "Unconstrained build operations Thread 115" [_thread_blocked, id=22532, stack(0x000000f3c1800000,0x000000f3c1900000)]
  0x000001fbb135d470 JavaThread "Unconstrained build operations Thread 116" [_thread_blocked, id=30732, stack(0x000000f3c1900000,0x000000f3c1a00000)]
  0x000001fbb135d980 JavaThread "Unconstrained build operations Thread 117" [_thread_blocked, id=30928, stack(0x000000f3c1a00000,0x000000f3c1b00000)]
  0x000001fbb135de90 JavaThread "Unconstrained build operations Thread 118" [_thread_blocked, id=29836, stack(0x000000f3c1b00000,0x000000f3c1c00000)]
  0x000001fbb135a6e0 JavaThread "Unconstrained build operations Thread 119" [_thread_blocked, id=14524, stack(0x000000f3c1c00000,0x000000f3c1d00000)]
  0x000001fbb135e8b0 JavaThread "Unconstrained build operations Thread 120" [_thread_blocked, id=29288, stack(0x000000f3c1d00000,0x000000f3c1e00000)]
  0x000001fbb135f2d0 JavaThread "Unconstrained build operations Thread 121" [_thread_blocked, id=2548, stack(0x000000f3c1e00000,0x000000f3c1f00000)]
  0x000001fbb135e3a0 JavaThread "Unconstrained build operations Thread 122" [_thread_blocked, id=34396, stack(0x000000f3c1f00000,0x000000f3c2000000)]
  0x000001fbb135f7e0 JavaThread "Unconstrained build operations Thread 123" [_thread_blocked, id=10736, stack(0x000000f3c2000000,0x000000f3c2100000)]
  0x000001fbb1360200 JavaThread "Unconstrained build operations Thread 124" [_thread_blocked, id=28696, stack(0x000000f3c2100000,0x000000f3c2200000)]
  0x000001fbb135edc0 JavaThread "Unconstrained build operations Thread 125" [_thread_blocked, id=18360, stack(0x000000f3c2200000,0x000000f3c2300000)]
  0x000001fbb135fcf0 JavaThread "Unconstrained build operations Thread 126" [_thread_blocked, id=26192, stack(0x000000f3c2300000,0x000000f3c2400000)]
  0x000001fbb16a9160 JavaThread "Unconstrained build operations Thread 127" [_thread_blocked, id=34924, stack(0x000000f3c2400000,0x000000f3c2500000)]
  0x000001fbb13dc220 JavaThread "Unconstrained build operations Thread 128" [_thread_blocked, id=33628, stack(0x000000f3c2500000,0x000000f3c2600000)]
  0x000001fbb13dc730 JavaThread "Unconstrained build operations Thread 129" [_thread_blocked, id=11004, stack(0x000000f3c2600000,0x000000f3c2700000)]
  0x000001fbb13db800 JavaThread "Unconstrained build operations Thread 130" [_thread_blocked, id=31944, stack(0x000000f3c2700000,0x000000f3c2800000)]
  0x000001fbb13db2f0 JavaThread "Unconstrained build operations Thread 131" [_thread_blocked, id=4680, stack(0x000000f3c2800000,0x000000f3c2900000)]
  0x000001fbb13d9eb0 JavaThread "Unconstrained build operations Thread 132" [_thread_blocked, id=17136, stack(0x000000f3c2900000,0x000000f3c2a00000)]
  0x000001fbb13da3c0 JavaThread "Unconstrained build operations Thread 133" [_thread_blocked, id=12044, stack(0x000000f3c2a00000,0x000000f3c2b00000)]
  0x000001fbb13dade0 JavaThread "Unconstrained build operations Thread 134" [_thread_blocked, id=25524, stack(0x000000f3c2b00000,0x000000f3c2c00000)]
  0x000001fbb13da8d0 JavaThread "Unconstrained build operations Thread 135" [_thread_blocked, id=22196, stack(0x000000f3c2c00000,0x000000f3c2d00000)]
  0x000001fbb13dbd10 JavaThread "Unconstrained build operations Thread 136" [_thread_blocked, id=32704, stack(0x000000f3c2d00000,0x000000f3c2e00000)]
  0x000001fbb13dcc40 JavaThread "Unconstrained build operations Thread 137" [_thread_blocked, id=19716, stack(0x000000f3c2e00000,0x000000f3c2f00000)]
  0x000001fbb13dd150 JavaThread "Unconstrained build operations Thread 138" [_thread_blocked, id=27532, stack(0x000000f3c2f00000,0x000000f3c3000000)]
  0x000001fbb13d99a0 JavaThread "Unconstrained build operations Thread 139" [_thread_blocked, id=32548, stack(0x000000f3c3000000,0x000000f3c3100000)]
  0x000001fbb13e0900 JavaThread "Unconstrained build operations Thread 140" [_thread_blocked, id=32564, stack(0x000000f3c3100000,0x000000f3c3200000)]
  0x000001fbb13e0e10 JavaThread "Unconstrained build operations Thread 141" [_thread_blocked, id=13880, stack(0x000000f3c3200000,0x000000f3c3300000)]
  0x000001fbb13df4c0 JavaThread "Unconstrained build operations Thread 142" [_thread_blocked, id=24844, stack(0x000000f3c3300000,0x000000f3c3400000)]
  0x000001fbb13dd660 JavaThread "Unconstrained build operations Thread 143" [_thread_blocked, id=35692, stack(0x000000f3c3400000,0x000000f3c3500000)]
  0x000001fbb13deaa0 JavaThread "Unconstrained build operations Thread 144" [_thread_blocked, id=30876, stack(0x000000f3c3500000,0x000000f3c3600000)]
  0x000001fbb13df9d0 JavaThread "Unconstrained build operations Thread 145" [_thread_blocked, id=10608, stack(0x000000f3c3600000,0x000000f3c3700000)]
  0x000001fbb13ddb70 JavaThread "Unconstrained build operations Thread 146" [_thread_blocked, id=14696, stack(0x000000f3c3700000,0x000000f3c3800000)]
  0x000001fbb13dfee0 JavaThread "Unconstrained build operations Thread 147" [_thread_blocked, id=17444, stack(0x000000f3c3800000,0x000000f3c3900000)]
  0x000001fbb13de590 JavaThread "Unconstrained build operations Thread 148" [_thread_blocked, id=18884, stack(0x000000f3c3900000,0x000000f3c3a00000)]
  0x000001fbb13de080 JavaThread "Unconstrained build operations Thread 149" [_thread_blocked, id=3300, stack(0x000000f3c3a00000,0x000000f3c3b00000)]
  0x000001fbb13defb0 JavaThread "Unconstrained build operations Thread 150" [_thread_blocked, id=24324, stack(0x000000f3c3b00000,0x000000f3c3c00000)]
  0x000001fbb13e1320 JavaThread "Unconstrained build operations Thread 151" [_thread_blocked, id=25892, stack(0x000000f3c3c00000,0x000000f3c3d00000)]
  0x000001fbb13e03f0 JavaThread "Unconstrained build operations Thread 152" [_thread_blocked, id=24164, stack(0x000000f3c3d00000,0x000000f3c3e00000)]
  0x000001fbb185c150 JavaThread "Unconstrained build operations Thread 153" [_thread_blocked, id=34736, stack(0x000000f3c3e00000,0x000000f3c3f00000)]
  0x000001fbb185daa0 JavaThread "Unconstrained build operations Thread 154" [_thread_blocked, id=33992, stack(0x000000f3c3f00000,0x000000f3c4000000)]
  0x000001fbb185c660 JavaThread "Unconstrained build operations Thread 155" [_thread_blocked, id=28592, stack(0x000000f3c4000000,0x000000f3c4100000)]
  0x000001fbb185dfb0 JavaThread "Unconstrained build operations Thread 156" [_thread_blocked, id=33176, stack(0x000000f3c4100000,0x000000f3c4200000)]
  0x000001fbb185d590 JavaThread "Unconstrained build operations Thread 157" [_thread_blocked, id=13080, stack(0x000000f3c4200000,0x000000f3c4300000)]
  0x000001fbb185cb70 JavaThread "Unconstrained build operations Thread 158" [_thread_blocked, id=20400, stack(0x000000f3c4300000,0x000000f3c4400000)]
  0x000001fbb185d080 JavaThread "Unconstrained build operations Thread 159" [_thread_blocked, id=23792, stack(0x000000f3c4400000,0x000000f3c4500000)]
  0x000001fbb185e4c0 JavaThread "Unconstrained build operations Thread 160" [_thread_blocked, id=30792, stack(0x000000f3c4500000,0x000000f3c4600000)]
  0x000001fbb185b730 JavaThread "WorkerExecutor Queue" [_thread_blocked, id=8740, stack(0x000000f3c4600000,0x000000f3c4700000)]
  0x000001fbb1861760 JavaThread "RMI Scheduler(0)" daemon [_thread_blocked, id=34616, stack(0x000000f3c4700000,0x000000f3c4800000)]
  0x000001fbb1862180 JavaThread "RMI GC Daemon" daemon [_thread_blocked, id=23932, stack(0x000000f3c4900000,0x000000f3c4a00000)]
  0x000001fbb1862690 JavaThread "WorkerExecutor Queue Thread 2" [_thread_blocked, id=2304, stack(0x000000f3c4a00000,0x000000f3c4b00000)]
  0x000001fbb1860320 JavaThread "RMI TCP Accept-0" daemon [_thread_in_native, id=4976, stack(0x000000f3c4c00000,0x000000f3c4d00000)]
  0x000001fbb1862ba0 JavaThread "RMI Reaper" [_thread_blocked, id=30824, stack(0x000000f3c4d00000,0x000000f3c4e00000)]
  0x000001fbb1861250 JavaThread "RMI TCP Connection(1)-127.0.0.1" daemon [_thread_in_native, id=32404, stack(0x000000f3c4e00000,0x000000f3c4f00000)]
  0x000001fbb18630b0 JavaThread "RMI TCP Connection(2)-127.0.0.1" daemon [_thread_in_native, id=6528, stack(0x000000f3c4f00000,0x000000f3c5000000)]
  0x000001fb9e87f2b0 JavaThread "C1 CompilerThread1" daemon [_thread_blocked, id=32948, stack(0x000000f3b6a00000,0x000000f3b6b00000)]
  0x000001fbb1863fe0 JavaThread "WorkerExecutor Queue Thread 3" [_thread_blocked, id=32120, stack(0x000000f3c5200000,0x000000f3c5300000)]
  0x000001fbb1860830 JavaThread "WorkerExecutor Queue Thread 4" [_thread_blocked, id=34516, stack(0x000000f3c5300000,0x000000f3c5400000)]
  0x000001fbb1864a00 JavaThread "WorkerExecutor Queue Thread 5" [_thread_blocked, id=35640, stack(0x000000f3c5400000,0x000000f3c5500000)]
  0x000001fbb1867ca0 JavaThread "WorkerExecutor Queue Thread 6" [_thread_blocked, id=18740, stack(0x000000f3c5500000,0x000000f3c5600000)]
  0x000001fbb1866350 JavaThread "WorkerExecutor Queue Thread 7" [_thread_blocked, id=23648, stack(0x000000f3c5600000,0x000000f3c5700000)]
  0x000001fbb1864f10 JavaThread "WorkerExecutor Queue Thread 8" [_thread_blocked, id=32832, stack(0x000000f3c5700000,0x000000f3c5800000)]
  0x000001fbb1866860 JavaThread "WorkerExecutor Queue Thread 9" [_thread_blocked, id=34408, stack(0x000000f3c5800000,0x000000f3c5900000)]
  0x000001fbb1867790 JavaThread "WorkerExecutor Queue Thread 10" [_thread_blocked, id=28020, stack(0x000000f3c5900000,0x000000f3c5a00000)]
  0x000001fbb18644f0 JavaThread "WorkerExecutor Queue Thread 11" [_thread_blocked, id=33356, stack(0x000000f3c5a00000,0x000000f3c5b00000)]
  0x000001fbb1866d70 JavaThread "WorkerExecutor Queue Thread 12" [_thread_blocked, id=13528, stack(0x000000f3c5b00000,0x000000f3c5c00000)]
  0x000001fbb1867280 JavaThread "WorkerExecutor Queue Thread 13" [_thread_blocked, id=23160, stack(0x000000f3c5c00000,0x000000f3c5d00000)]
  0x000001fbb18681b0 JavaThread "WorkerExecutor Queue Thread 14" [_thread_blocked, id=33188, stack(0x000000f3c5d00000,0x000000f3c5e00000)]
  0x000001fbb18686c0 JavaThread "WorkerExecutor Queue Thread 15" [_thread_blocked, id=35376, stack(0x000000f3c5e00000,0x000000f3c5f00000)]
  0x000001fbb1868bd0 JavaThread "WorkerExecutor Queue Thread 16" [_thread_blocked, id=10476, stack(0x000000f3c5f00000,0x000000f3c6000000)]
  0x000001fb9f21fff0 JavaThread "ForkJoinPool.commonPool-worker-1" daemon [_thread_blocked, id=34452, stack(0x000000f3c4800000,0x000000f3c4900000)]
  0x000001fbb186a520 JavaThread "ForkJoinPool.commonPool-worker-2" daemon [_thread_blocked, id=17880, stack(0x000000f3c4b00000,0x000000f3c4c00000)]
  0x000001fba42d3e70 JavaThread "ForkJoinPool.commonPool-worker-3" daemon [_thread_blocked, id=2268, stack(0x000000f3c6000000,0x000000f3c6100000)]
  0x000001fba44955a0 JavaThread "ForkJoinPool.commonPool-worker-4" daemon [_thread_blocked, id=20636, stack(0x000000f3c6100000,0x000000f3c6200000)]
  0x000001fba4b56f70 JavaThread "ForkJoinPool.commonPool-worker-5" daemon [_thread_blocked, id=10984, stack(0x000000f3c6200000,0x000000f3c6300000)]
  0x000001fba4b56040 JavaThread "ForkJoinPool.commonPool-worker-6" daemon [_thread_blocked, id=21304, stack(0x000000f3c6300000,0x000000f3c6400000)]
  0x000001fba4b56a60 JavaThread "ForkJoinPool.commonPool-worker-7" daemon [_thread_blocked, id=34324, stack(0x000000f3c6400000,0x000000f3c6500000)]
  0x000001fba4b57480 JavaThread "ForkJoinPool.commonPool-worker-8" daemon [_thread_blocked, id=7656, stack(0x000000f3c6500000,0x000000f3c6600000)]
  0x000001fba4b541e0 JavaThread "ForkJoinPool.commonPool-worker-9" daemon [_thread_blocked, id=2604, stack(0x000000f3c6600000,0x000000f3c6700000)]
  0x000001fba4b55b30 JavaThread "ForkJoinPool.commonPool-worker-10" daemon [_thread_blocked, id=6292, stack(0x000000f3c6700000,0x000000f3c6800000)]
  0x000001fba4b56550 JavaThread "ForkJoinPool.commonPool-worker-11" daemon [_thread_blocked, id=16804, stack(0x000000f3c6800000,0x000000f3c6900000)]
  0x000001fba4b53cd0 JavaThread "ForkJoinPool.commonPool-worker-12" daemon [_thread_blocked, id=29120, stack(0x000000f3c6900000,0x000000f3c6a00000)]
  0x000001fba4b57ea0 JavaThread "ForkJoinPool.commonPool-worker-13" daemon [_thread_blocked, id=35396, stack(0x000000f3c6a00000,0x000000f3c6b00000)]
  0x000001fba4b546f0 JavaThread "ForkJoinPool.commonPool-worker-14" daemon [_thread_blocked, id=35252, stack(0x000000f3c6b00000,0x000000f3c6c00000)]
  0x000001fba4b55620 JavaThread "ForkJoinPool.commonPool-worker-15" daemon [_thread_blocked, id=30864, stack(0x000000f3c6c00000,0x000000f3c6d00000)]
  0x000001fba4b57990 JavaThread "ForkJoinPool-1-worker-1" daemon [_thread_blocked, id=31872, stack(0x000000f3c6d00000,0x000000f3c6e00000)]
  0x000001fba4b5b650 JavaThread "ForkJoinPool-1-worker-2" daemon [_thread_blocked, id=7688, stack(0x000000f3c6e00000,0x000000f3c6f00000)]
  0x000001fba4b5a210 JavaThread "ForkJoinPool-1-worker-3" daemon [_thread_blocked, id=31348, stack(0x000000f3c6f00000,0x000000f3c7000000)]
  0x000001fba4b59d00 JavaThread "ForkJoinPool-1-worker-4" daemon [_thread_blocked, id=18828, stack(0x000000f3c7000000,0x000000f3c7100000)]
  0x000001fba4b5a720 JavaThread "ForkJoinPool-1-worker-5" daemon [_thread_blocked, id=32820, stack(0x000000f3c7100000,0x000000f3c7200000)]
  0x000001fba4b5ac30 JavaThread "ForkJoinPool-1-worker-6" daemon [_thread_blocked, id=3880, stack(0x000000f3c7200000,0x000000f3c7300000)]
  0x000001fba4b592e0 JavaThread "ForkJoinPool-1-worker-7" daemon [_thread_blocked, id=34624, stack(0x000000f3c7300000,0x000000f3c7400000)]
  0x000001fba4b58dd0 JavaThread "ForkJoinPool-1-worker-8" daemon [_thread_blocked, id=10684, stack(0x000000f3c7400000,0x000000f3c7500000)]

Other Threads:
=>0x000001fb58302010 VMThread "VM Thread" [stack: 0x000000f3b5900000,0x000000f3b5a00000] [id=21084]
  0x000001fb3722e9b0 WatcherThread [stack: 0x000000f3b6800000,0x000000f3b6900000] [id=34352]
  0x000001fb3728c800 GCTaskThread "GC Thread#0" [stack: 0x000000f3b5400000,0x000000f3b5500000] [id=33908]
  0x000001fb589e1640 GCTaskThread "GC Thread#1" [stack: 0x000000f3b6b00000,0x000000f3b6c00000] [id=29124]
  0x000001fb9eb91cd0 GCTaskThread "GC Thread#2" [stack: 0x000000f3b6c00000,0x000000f3b6d00000] [id=35684]
  0x000001fb9eb927b0 GCTaskThread "GC Thread#3" [stack: 0x000000f3b6d00000,0x000000f3b6e00000] [id=30072]
  0x000001fb9eb92e80 GCTaskThread "GC Thread#4" [stack: 0x000000f3b6e00000,0x000000f3b6f00000] [id=21156]
  0x000001fba2203a10 GCTaskThread "GC Thread#5" [stack: 0x000000f3b7f00000,0x000000f3b8000000] [id=16512]
  0x000001fba0748fa0 GCTaskThread "GC Thread#6" [stack: 0x000000f3b8000000,0x000000f3b8100000] [id=7816]
  0x000001fb9fb5e670 GCTaskThread "GC Thread#7" [stack: 0x000000f3b8100000,0x000000f3b8200000] [id=22112]
  0x000001fb9ec1bb40 GCTaskThread "GC Thread#8" [stack: 0x000000f3b8200000,0x000000f3b8300000] [id=10764]
  0x000001fba0282e20 GCTaskThread "GC Thread#9" [stack: 0x000000f3b8300000,0x000000f3b8400000] [id=21616]
  0x000001fba02833a0 GCTaskThread "GC Thread#10" [stack: 0x000000f3b8400000,0x000000f3b8500000] [id=34488]
  0x000001fba02830e0 GCTaskThread "GC Thread#11" [stack: 0x000000f3b8500000,0x000000f3b8600000] [id=18276]
  0x000001fba0283660 GCTaskThread "GC Thread#12" [stack: 0x000000f3b8600000,0x000000f3b8700000] [id=9032]
  0x000001fb3729d7c0 ConcurrentGCThread "G1 Main Marker" [stack: 0x000000f3b5500000,0x000000f3b5600000] [id=27328]
  0x000001fb3729fb10 ConcurrentGCThread "G1 Conc#0" [stack: 0x000000f3b5600000,0x000000f3b5700000] [id=24336]
  0x000001fba0283be0 ConcurrentGCThread "G1 Conc#1" [stack: 0x000000f3b8700000,0x000000f3b8800000] [id=12340]
  0x000001fba0283920 ConcurrentGCThread "G1 Conc#2" [stack: 0x000000f3b8800000,0x000000f3b8900000] [id=33960]
  0x000001fb581638f0 ConcurrentGCThread "G1 Refine#0" [stack: 0x000000f3b5700000,0x000000f3b5800000] [id=26488]
  0x000001fba31e2930 ConcurrentGCThread "G1 Refine#1" [stack: 0x000000f3bac00000,0x000000f3bad00000] [id=30892]
  0x000001fba31e1d70 ConcurrentGCThread "G1 Refine#2" [stack: 0x000000f3bad00000,0x000000f3bae00000] [id=11664]
  0x000001fba31e2060 ConcurrentGCThread "G1 Refine#3" [stack: 0x000000f3bae00000,0x000000f3baf00000] [id=23232]
  0x000001fba31e2350 ConcurrentGCThread "G1 Refine#4" [stack: 0x000000f3baf00000,0x000000f3bb000000] [id=33244]
  0x000001fba31e2c20 ConcurrentGCThread "G1 Refine#5" [stack: 0x000000f3bb000000,0x000000f3bb100000] [id=35424]
  0x000001fba37ca010 ConcurrentGCThread "G1 Refine#6" [stack: 0x000000f3bb100000,0x000000f3bb200000] [id=20516]
  0x000001fba37c79e0 ConcurrentGCThread "G1 Refine#7" [stack: 0x000000f3bb200000,0x000000f3bb300000] [id=4072]
  0x000001fbb641aed0 ConcurrentGCThread "G1 Refine#8" [stack: 0x000000f3c7500000,0x000000f3c7600000] [id=24956]
  0x000001fb581a0800 ConcurrentGCThread "G1 Refine#9" [stack: 0x000000f3c7600000,0x000000f3c7700000] [id=21820]
  0x000001fbb60b07e0 ConcurrentGCThread "G1 Refine#10" [stack: 0x000000f3c7700000,0x000000f3c7800000] [id=3116]
  0x000001fbb169c830 ConcurrentGCThread "G1 Refine#11" [stack: 0x000000f3c7800000,0x000000f3c7900000] [id=34440]
  0x000001fba0b04bf0 ConcurrentGCThread "G1 Refine#12" [stack: 0x000000f3c7900000,0x000000f3c7a00000] [id=13104]
  0x000001fb581640d0 ConcurrentGCThread "G1 Service" [stack: 0x000000f3b5800000,0x000000f3b5900000] [id=23816]

Threads with active compile tasks:
C2 CompilerThread0  54678 29240       4       com.android.tools.r8.graph.D3::b (716 bytes)

VM state: at safepoint (normal execution)

VM Mutex/Monitor currently owned by a thread:  ([mutex/lock_event])
[0x000001fb372293e0] Threads_lock - owner thread: 0x000001fb58302010
[0x000001fb372286f0] Heap_lock - owner thread: 0x000001fbb1863fe0

Heap address: 0x0000000080000000, size: 2048 MB, Compressed Oops mode: 32-bit

CDS archive(s) mapped at: [0x000001fb59000000-0x000001fb59bb0000-0x000001fb59bb0000), size 12255232, SharedBaseAddress: 0x000001fb59000000, ArchiveRelocationMode: 1.
Compressed class space mapped at: 0x000001fb5a000000-0x000001fb9a000000, reserved size: 1073741824
Narrow klass base: 0x000001fb59000000, Narrow klass shift: 0, Narrow klass range: 0x100000000

GC Precious Log:
 CPUs: 16 total, 16 available
 Memory: 14182M
 Large Page Support: Disabled
 NUMA Support: Disabled
 Compressed Oops: Enabled (32-bit)
 Heap Region Size: 1M
 Heap Min Capacity: 8M
 Heap Initial Capacity: 222M
 Heap Max Capacity: 2G
 Pre-touch: Disabled
 Parallel Workers: 13
 Concurrent Workers: 3
 Concurrent Refinement Workers: 13
 Periodic GC: Disabled

Heap:
 garbage-first heap   total 863232K, used 588799K [0x0000000080000000, 0x0000000100000000)
  region size 1024K, 22 young (22528K), 22 survivors (22528K)
 Metaspace       used 213569K, committed 214784K, reserved 1245184K
  class space    used 28186K, committed 28800K, reserved 1048576K

Heap Regions: E=young(eden), S=young(survivor), O=old, HS=humongous(starts), HC=humongous(continues), CS=collection set, F=free, OA=open archive, CA=closed archive, TAMS=top-at-mark-start (previous, next)
|   0|0x0000000080000000, 0x0000000080100000, 0x0000000080100000|100%|HS|  |TAMS 0x0000000080100000, 0x0000000080000000| Complete 
|   1|0x0000000080100000, 0x0000000080200000, 0x0000000080200000|100%|HC|  |TAMS 0x0000000080200000, 0x0000000080100000| Complete 
|   2|0x0000000080200000, 0x0000000080300000, 0x0000000080300000|100%|HC|  |TAMS 0x0000000080300000, 0x0000000080200000| Complete 
|   3|0x0000000080300000, 0x0000000080400000, 0x0000000080400000|100%|HC|  |TAMS 0x0000000080400000, 0x0000000080300000| Complete 
|   4|0x0000000080400000, 0x0000000080500000, 0x0000000080500000|100%| O|  |TAMS 0x0000000080500000, 0x0000000080400000| Untracked 
|   5|0x0000000080500000, 0x0000000080600000, 0x0000000080600000|100%| O|  |TAMS 0x0000000080600000, 0x0000000080500000| Untracked 
|   6|0x0000000080600000, 0x0000000080700000, 0x0000000080700000|100%| O|  |TAMS 0x0000000080700000, 0x0000000080600000| Untracked 
|   7|0x0000000080700000, 0x0000000080800000, 0x0000000080800000|100%| O|  |TAMS 0x0000000080800000, 0x0000000080700000| Untracked 
|   8|0x0000000080800000, 0x0000000080900000, 0x0000000080900000|100%| O|  |TAMS 0x0000000080900000, 0x0000000080800000| Untracked 
|   9|0x0000000080900000, 0x0000000080a00000, 0x0000000080a00000|100%| O|  |TAMS 0x0000000080a00000, 0x0000000080900000| Untracked 
|  10|0x0000000080a00000, 0x0000000080b00000, 0x0000000080b00000|100%| O|  |TAMS 0x0000000080b00000, 0x0000000080a00000| Untracked 
|  11|0x0000000080b00000, 0x0000000080c00000, 0x0000000080c00000|100%| O|  |TAMS 0x0000000080c00000, 0x0000000080b00000| Untracked 
|  12|0x0000000080c00000, 0x0000000080d00000, 0x0000000080d00000|100%| O|  |TAMS 0x0000000080d00000, 0x0000000080c00000| Untracked 
|  13|0x0000000080d00000, 0x0000000080e00000, 0x0000000080e00000|100%| O|  |TAMS 0x0000000080e00000, 0x0000000080d00000| Untracked 
|  14|0x0000000080e00000, 0x0000000080f00000, 0x0000000080f00000|100%| O|  |TAMS 0x0000000080f00000, 0x0000000080e00000| Untracked 
|  15|0x0000000080f00000, 0x0000000081000000, 0x0000000081000000|100%| O|  |TAMS 0x0000000081000000, 0x0000000080f00000| Untracked 
|  16|0x0000000081000000, 0x0000000081100000, 0x0000000081100000|100%| O|  |TAMS 0x0000000081100000, 0x0000000081000000| Untracked 
|  17|0x0000000081100000, 0x0000000081200000, 0x0000000081200000|100%| O|  |TAMS 0x0000000081200000, 0x0000000081100000| Untracked 
|  18|0x0000000081200000, 0x0000000081300000, 0x0000000081300000|100%| O|  |TAMS 0x0000000081300000, 0x0000000081200000| Untracked 
|  19|0x0000000081300000, 0x0000000081400000, 0x0000000081400000|100%| O|  |TAMS 0x0000000081400000, 0x0000000081300000| Untracked 
|  20|0x0000000081400000, 0x0000000081500000, 0x0000000081500000|100%| O|  |TAMS 0x0000000081500000, 0x0000000081400000| Untracked 
|  21|0x0000000081500000, 0x0000000081600000, 0x0000000081600000|100%| O|  |TAMS 0x0000000081600000, 0x0000000081500000| Untracked 
|  22|0x0000000081600000, 0x0000000081700000, 0x0000000081700000|100%| O|  |TAMS 0x0000000081700000, 0x0000000081600000| Untracked 
|  23|0x0000000081700000, 0x0000000081800000, 0x0000000081800000|100%| O|  |TAMS 0x0000000081800000, 0x0000000081700000| Untracked 
|  24|0x0000000081800000, 0x0000000081900000, 0x0000000081900000|100%| O|  |TAMS 0x0000000081900000, 0x0000000081800000| Untracked 
|  25|0x0000000081900000, 0x0000000081a00000, 0x0000000081a00000|100%| O|  |TAMS 0x0000000081a00000, 0x0000000081900000| Untracked 
|  26|0x0000000081a00000, 0x0000000081b00000, 0x0000000081b00000|100%| O|  |TAMS 0x0000000081b00000, 0x0000000081a00000| Untracked 
|  27|0x0000000081b00000, 0x0000000081c00000, 0x0000000081c00000|100%| O|  |TAMS 0x0000000081c00000, 0x0000000081b00000| Untracked 
|  28|0x0000000081c00000, 0x0000000081d00000, 0x0000000081d00000|100%| O|  |TAMS 0x0000000081d00000, 0x0000000081c00000| Untracked 
|  29|0x0000000081d00000, 0x0000000081e00000, 0x0000000081e00000|100%| O|  |TAMS 0x0000000081e00000, 0x0000000081d00000| Untracked 
|  30|0x0000000081e00000, 0x0000000081f00000, 0x0000000081f00000|100%| O|  |TAMS 0x0000000081f00000, 0x0000000081e00000| Untracked 
|  31|0x0000000081f00000, 0x0000000082000000, 0x0000000082000000|100%| O|  |TAMS 0x0000000082000000, 0x0000000081f00000| Untracked 
|  32|0x0000000082000000, 0x0000000082100000, 0x0000000082100000|100%| O|  |TAMS 0x0000000082100000, 0x0000000082000000| Untracked 
|  33|0x0000000082100000, 0x0000000082200000, 0x0000000082200000|100%| O|  |TAMS 0x0000000082200000, 0x0000000082100000| Untracked 
|  34|0x0000000082200000, 0x0000000082300000, 0x0000000082300000|100%| O|  |TAMS 0x0000000082300000, 0x0000000082200000| Untracked 
|  35|0x0000000082300000, 0x0000000082400000, 0x0000000082400000|100%| O|  |TAMS 0x0000000082400000, 0x0000000082300000| Untracked 
|  36|0x0000000082400000, 0x0000000082500000, 0x0000000082500000|100%| O|  |TAMS 0x0000000082500000, 0x0000000082400000| Untracked 
|  37|0x0000000082500000, 0x0000000082600000, 0x0000000082600000|100%| O|  |TAMS 0x0000000082600000, 0x0000000082500000| Untracked 
|  38|0x0000000082600000, 0x0000000082700000, 0x0000000082700000|100%| O|  |TAMS 0x0000000082700000, 0x0000000082600000| Untracked 
|  39|0x0000000082700000, 0x0000000082800000, 0x0000000082800000|100%| O|  |TAMS 0x0000000082800000, 0x0000000082700000| Untracked 
|  40|0x0000000082800000, 0x0000000082900000, 0x0000000082900000|100%| O|  |TAMS 0x0000000082900000, 0x0000000082800000| Untracked 
|  41|0x0000000082900000, 0x0000000082a00000, 0x0000000082a00000|100%| O|  |TAMS 0x0000000082a00000, 0x0000000082900000| Untracked 
|  42|0x0000000082a00000, 0x0000000082b00000, 0x0000000082b00000|100%| O|  |TAMS 0x0000000082b00000, 0x0000000082a00000| Untracked 
|  43|0x0000000082b00000, 0x0000000082c00000, 0x0000000082c00000|100%| O|  |TAMS 0x0000000082c00000, 0x0000000082b00000| Untracked 
|  44|0x0000000082c00000, 0x0000000082d00000, 0x0000000082d00000|100%| O|  |TAMS 0x0000000082d00000, 0x0000000082c00000| Untracked 
|  45|0x0000000082d00000, 0x0000000082e00000, 0x0000000082e00000|100%| O|  |TAMS 0x0000000082e00000, 0x0000000082d00000| Untracked 
|  46|0x0000000082e00000, 0x0000000082f00000, 0x0000000082f00000|100%| O|  |TAMS 0x0000000082f00000, 0x0000000082e00000| Untracked 
|  47|0x0000000082f00000, 0x0000000083000000, 0x0000000083000000|100%|HS|  |TAMS 0x0000000083000000, 0x0000000082f00000| Complete 
|  48|0x0000000083000000, 0x0000000083100000, 0x0000000083100000|100%| O|  |TAMS 0x0000000083100000, 0x0000000083000000| Untracked 
|  49|0x0000000083100000, 0x0000000083200000, 0x0000000083200000|100%| O|  |TAMS 0x0000000083200000, 0x0000000083100000| Untracked 
|  50|0x0000000083200000, 0x0000000083300000, 0x0000000083300000|100%| O|  |TAMS 0x0000000083300000, 0x0000000083200000| Untracked 
|  51|0x0000000083300000, 0x0000000083400000, 0x0000000083400000|100%| O|  |TAMS 0x0000000083400000, 0x0000000083300000| Untracked 
|  52|0x0000000083400000, 0x0000000083500000, 0x0000000083500000|100%| O|  |TAMS 0x0000000083500000, 0x0000000083400000| Untracked 
|  53|0x0000000083500000, 0x0000000083600000, 0x0000000083600000|100%|HS|  |TAMS 0x0000000083600000, 0x0000000083500000| Complete 
|  54|0x0000000083600000, 0x0000000083700000, 0x0000000083700000|100%| O|  |TAMS 0x0000000083700000, 0x0000000083600000| Untracked 
|  55|0x0000000083700000, 0x0000000083800000, 0x0000000083800000|100%| O|  |TAMS 0x0000000083800000, 0x0000000083700000| Untracked 
|  56|0x0000000083800000, 0x0000000083900000, 0x0000000083900000|100%| O|  |TAMS 0x0000000083900000, 0x0000000083800000| Untracked 
|  57|0x0000000083900000, 0x0000000083a00000, 0x0000000083a00000|100%| O|  |TAMS 0x0000000083a00000, 0x0000000083900000| Untracked 
|  58|0x0000000083a00000, 0x0000000083b00000, 0x0000000083b00000|100%| O|  |TAMS 0x0000000083b00000, 0x0000000083a00000| Untracked 
|  59|0x0000000083b00000, 0x0000000083c00000, 0x0000000083c00000|100%| O|  |TAMS 0x0000000083c00000, 0x0000000083b00000| Untracked 
|  60|0x0000000083c00000, 0x0000000083d00000, 0x0000000083d00000|100%| O|  |TAMS 0x0000000083d00000, 0x0000000083c00000| Untracked 
|  61|0x0000000083d00000, 0x0000000083e00000, 0x0000000083e00000|100%| O|  |TAMS 0x0000000083e00000, 0x0000000083d00000| Untracked 
|  62|0x0000000083e00000, 0x0000000083f00000, 0x0000000083f00000|100%|HS|  |TAMS 0x0000000083f00000, 0x0000000083e00000| Complete 
|  63|0x0000000083f00000, 0x0000000084000000, 0x0000000084000000|100%|HC|  |TAMS 0x0000000084000000, 0x0000000083f00000| Complete 
|  64|0x0000000084000000, 0x0000000084100000, 0x0000000084100000|100%| O|  |TAMS 0x0000000084100000, 0x0000000084000000| Untracked 
|  65|0x0000000084100000, 0x0000000084200000, 0x0000000084200000|100%| O|  |TAMS 0x0000000084200000, 0x0000000084100000| Untracked 
|  66|0x0000000084200000, 0x0000000084300000, 0x0000000084300000|100%| O|  |TAMS 0x0000000084300000, 0x0000000084200000| Untracked 
|  67|0x0000000084300000, 0x0000000084400000, 0x0000000084400000|100%| O|  |TAMS 0x0000000084400000, 0x0000000084300000| Untracked 
|  68|0x0000000084400000, 0x0000000084500000, 0x0000000084500000|100%| O|  |TAMS 0x0000000084500000, 0x0000000084400000| Untracked 
|  69|0x0000000084500000, 0x0000000084600000, 0x0000000084600000|100%| O|  |TAMS 0x0000000084600000, 0x0000000084500000| Untracked 
|  70|0x0000000084600000, 0x0000000084700000, 0x0000000084700000|100%| O|  |TAMS 0x0000000084700000, 0x0000000084600000| Untracked 
|  71|0x0000000084700000, 0x0000000084800000, 0x0000000084800000|100%| O|  |TAMS 0x0000000084800000, 0x0000000084700000| Untracked 
|  72|0x0000000084800000, 0x0000000084900000, 0x0000000084900000|100%| O|  |TAMS 0x0000000084900000, 0x0000000084800000| Untracked 
|  73|0x0000000084900000, 0x0000000084a00000, 0x0000000084a00000|100%| O|  |TAMS 0x0000000084a00000, 0x0000000084900000| Untracked 
|  74|0x0000000084a00000, 0x0000000084b00000, 0x0000000084b00000|100%|HS|  |TAMS 0x0000000084b00000, 0x0000000084a00000| Complete 
|  75|0x0000000084b00000, 0x0000000084c00000, 0x0000000084c00000|100%|HC|  |TAMS 0x0000000084c00000, 0x0000000084b00000| Complete 
|  76|0x0000000084c00000, 0x0000000084d00000, 0x0000000084d00000|100%|HC|  |TAMS 0x0000000084d00000, 0x0000000084c00000| Complete 
|  77|0x0000000084d00000, 0x0000000084e00000, 0x0000000084e00000|100%| O|  |TAMS 0x0000000084e00000, 0x0000000084d00000| Untracked 
|  78|0x0000000084e00000, 0x0000000084f00000, 0x0000000084f00000|100%| O|  |TAMS 0x0000000084f00000, 0x0000000084e00000| Untracked 
|  79|0x0000000084f00000, 0x0000000085000000, 0x0000000085000000|100%| O|  |TAMS 0x0000000085000000, 0x0000000084f00000| Untracked 
|  80|0x0000000085000000, 0x0000000085100000, 0x0000000085100000|100%| O|  |TAMS 0x0000000085100000, 0x0000000085000000| Untracked 
|  81|0x0000000085100000, 0x0000000085200000, 0x0000000085200000|100%| O|  |TAMS 0x0000000085200000, 0x0000000085100000| Untracked 
|  82|0x0000000085200000, 0x0000000085300000, 0x0000000085300000|100%| O|  |TAMS 0x0000000085300000, 0x0000000085200000| Untracked 
|  83|0x0000000085300000, 0x0000000085400000, 0x0000000085400000|100%| O|  |TAMS 0x0000000085400000, 0x0000000085300000| Untracked 
|  84|0x0000000085400000, 0x0000000085500000, 0x0000000085500000|100%| O|  |TAMS 0x0000000085500000, 0x0000000085400000| Untracked 
|  85|0x0000000085500000, 0x0000000085600000, 0x0000000085600000|100%| O|  |TAMS 0x0000000085600000, 0x0000000085500000| Untracked 
|  86|0x0000000085600000, 0x0000000085700000, 0x0000000085700000|100%| O|  |TAMS 0x0000000085700000, 0x0000000085600000| Untracked 
|  87|0x0000000085700000, 0x0000000085800000, 0x0000000085800000|100%| O|  |TAMS 0x0000000085800000, 0x0000000085700000| Untracked 
|  88|0x0000000085800000, 0x0000000085900000, 0x0000000085900000|100%|HS|  |TAMS 0x0000000085900000, 0x0000000085800000| Complete 
|  89|0x0000000085900000, 0x0000000085a00000, 0x0000000085a00000|100%|HC|  |TAMS 0x0000000085a00000, 0x0000000085900000| Complete 
|  90|0x0000000085a00000, 0x0000000085b00000, 0x0000000085b00000|100%|HC|  |TAMS 0x0000000085b00000, 0x0000000085a00000| Complete 
|  91|0x0000000085b00000, 0x0000000085c00000, 0x0000000085c00000|100%|HS|  |TAMS 0x0000000085c00000, 0x0000000085b00000| Complete 
|  92|0x0000000085c00000, 0x0000000085d00000, 0x0000000085d00000|100%| O|  |TAMS 0x0000000085c00000, 0x0000000085c00000| Untracked 
|  93|0x0000000085d00000, 0x0000000085e00000, 0x0000000085e00000|100%|HS|  |TAMS 0x0000000085e00000, 0x0000000085d00000| Complete 
|  94|0x0000000085e00000, 0x0000000085f00000, 0x0000000085f00000|100%| O|  |TAMS 0x0000000085e00000, 0x0000000085e00000| Untracked 
|  95|0x0000000085f00000, 0x0000000086000000, 0x0000000086000000|100%| O|  |TAMS 0x0000000086000000, 0x0000000085f00000| Untracked 
|  96|0x0000000086000000, 0x0000000086100000, 0x0000000086100000|100%| O|  |TAMS 0x0000000086000000, 0x0000000086000000| Untracked 
|  97|0x0000000086100000, 0x0000000086200000, 0x0000000086200000|100%| O|  |TAMS 0x0000000086200000, 0x0000000086100000| Untracked 
|  98|0x0000000086200000, 0x0000000086300000, 0x0000000086300000|100%| O|  |TAMS 0x0000000086300000, 0x0000000086200000| Untracked 
|  99|0x0000000086300000, 0x0000000086400000, 0x0000000086400000|100%| O|  |TAMS 0x0000000086400000, 0x0000000086300000| Untracked 
| 100|0x0000000086400000, 0x0000000086500000, 0x0000000086500000|100%|HS|  |TAMS 0x0000000086400000, 0x0000000086400000| Complete 
| 101|0x0000000086500000, 0x0000000086600000, 0x0000000086600000|100%|HS|  |TAMS 0x0000000086500000, 0x0000000086500000| Complete 
| 102|0x0000000086600000, 0x0000000086700000, 0x0000000086700000|100%| O|  |TAMS 0x0000000086600000, 0x0000000086600000| Untracked 
| 103|0x0000000086700000, 0x0000000086800000, 0x0000000086800000|100%| O|  |TAMS 0x0000000086800000, 0x0000000086700000| Untracked 
| 104|0x0000000086800000, 0x0000000086900000, 0x0000000086900000|100%| O|  |TAMS 0x0000000086900000, 0x0000000086800000| Untracked 
| 105|0x0000000086900000, 0x0000000086a00000, 0x0000000086a00000|100%| O|  |TAMS 0x0000000086900000, 0x0000000086900000| Untracked 
| 106|0x0000000086a00000, 0x0000000086b00000, 0x0000000086b00000|100%| O|  |TAMS 0x0000000086b00000, 0x0000000086a00000| Untracked 
| 107|0x0000000086b00000, 0x0000000086c00000, 0x0000000086c00000|100%| O|  |TAMS 0x0000000086c00000, 0x0000000086b00000| Untracked 
| 108|0x0000000086c00000, 0x0000000086d00000, 0x0000000086d00000|100%| O|  |TAMS 0x0000000086c00000, 0x0000000086c00000| Untracked 
| 109|0x0000000086d00000, 0x0000000086e00000, 0x0000000086e00000|100%| O|  |TAMS 0x0000000086e00000, 0x0000000086d00000| Untracked 
| 110|0x0000000086e00000, 0x0000000086f00000, 0x0000000086f00000|100%|HS|  |TAMS 0x0000000086f00000, 0x0000000086e00000| Complete 
| 111|0x0000000086f00000, 0x0000000087000000, 0x0000000087000000|100%|HC|  |TAMS 0x0000000087000000, 0x0000000086f00000| Complete 
| 112|0x0000000087000000, 0x0000000087100000, 0x0000000087100000|100%| O|  |TAMS 0x0000000087100000, 0x0000000087000000| Untracked 
| 113|0x0000000087100000, 0x0000000087200000, 0x0000000087200000|100%|HS|  |TAMS 0x0000000087200000, 0x0000000087100000| Complete 
| 114|0x0000000087200000, 0x0000000087300000, 0x0000000087300000|100%|HS|  |TAMS 0x0000000087300000, 0x0000000087200000| Complete 
| 115|0x0000000087300000, 0x0000000087400000, 0x0000000087400000|100%|HS|  |TAMS 0x0000000087400000, 0x0000000087300000| Complete 
| 116|0x0000000087400000, 0x0000000087500000, 0x0000000087500000|100%|HC|  |TAMS 0x0000000087500000, 0x0000000087400000| Complete 
| 117|0x0000000087500000, 0x0000000087600000, 0x0000000087600000|100%|HC|  |TAMS 0x0000000087600000, 0x0000000087500000| Complete 
| 118|0x0000000087600000, 0x0000000087700000, 0x0000000087700000|100%| O|  |TAMS 0x0000000087700000, 0x0000000087600000| Untracked 
| 119|0x0000000087700000, 0x0000000087800000, 0x0000000087800000|100%| O|  |TAMS 0x0000000087800000, 0x0000000087700000| Untracked 
| 120|0x0000000087800000, 0x0000000087900000, 0x0000000087900000|100%| O|  |TAMS 0x0000000087900000, 0x0000000087800000| Untracked 
| 121|0x0000000087900000, 0x0000000087a00000, 0x0000000087a00000|100%| O|  |TAMS 0x0000000087a00000, 0x0000000087900000| Untracked 
| 122|0x0000000087a00000, 0x0000000087b00000, 0x0000000087b00000|100%| O|  |TAMS 0x0000000087b00000, 0x0000000087a00000| Untracked 
| 123|0x0000000087b00000, 0x0000000087c00000, 0x0000000087c00000|100%| O|  |TAMS 0x0000000087c00000, 0x0000000087b00000| Untracked 
| 124|0x0000000087c00000, 0x0000000087d00000, 0x0000000087d00000|100%|HS|  |TAMS 0x0000000087d00000, 0x0000000087c00000| Complete 
| 125|0x0000000087d00000, 0x0000000087e00000, 0x0000000087e00000|100%| O|  |TAMS 0x0000000087e00000, 0x0000000087d00000| Untracked 
| 126|0x0000000087e00000, 0x0000000087f00000, 0x0000000087f00000|100%| O|  |TAMS 0x0000000087f00000, 0x0000000087e00000| Untracked 
| 127|0x0000000087f00000, 0x0000000088000000, 0x0000000088000000|100%| O|  |TAMS 0x0000000088000000, 0x0000000087f00000| Untracked 
| 128|0x0000000088000000, 0x0000000088100000, 0x0000000088100000|100%| O|  |TAMS 0x0000000088100000, 0x0000000088000000| Untracked 
| 129|0x0000000088100000, 0x0000000088200000, 0x0000000088200000|100%| O|  |TAMS 0x0000000088200000, 0x0000000088100000| Untracked 
| 130|0x0000000088200000, 0x0000000088300000, 0x0000000088300000|100%| O|  |TAMS 0x0000000088300000, 0x0000000088200000| Untracked 
| 131|0x0000000088300000, 0x0000000088400000, 0x0000000088400000|100%| O|  |TAMS 0x0000000088400000, 0x0000000088300000| Untracked 
| 132|0x0000000088400000, 0x0000000088500000, 0x0000000088500000|100%| O|  |TAMS 0x0000000088400000, 0x0000000088400000| Untracked 
| 133|0x0000000088500000, 0x0000000088600000, 0x0000000088600000|100%| O|  |TAMS 0x0000000088600000, 0x0000000088500000| Untracked 
| 134|0x0000000088600000, 0x0000000088700000, 0x0000000088700000|100%| O|  |TAMS 0x0000000088700000, 0x0000000088600000| Untracked 
| 135|0x0000000088700000, 0x0000000088800000, 0x0000000088800000|100%| O|  |TAMS 0x0000000088800000, 0x0000000088700000| Untracked 
| 136|0x0000000088800000, 0x0000000088900000, 0x0000000088900000|100%| O|  |TAMS 0x0000000088800000, 0x0000000088800000| Untracked 
| 137|0x0000000088900000, 0x0000000088a00000, 0x0000000088a00000|100%|HS|  |TAMS 0x0000000088a00000, 0x0000000088900000| Complete 
| 138|0x0000000088a00000, 0x0000000088b00000, 0x0000000088b00000|100%|HC|  |TAMS 0x0000000088b00000, 0x0000000088a00000| Complete 
| 139|0x0000000088b00000, 0x0000000088c00000, 0x0000000088c00000|100%|HC|  |TAMS 0x0000000088c00000, 0x0000000088b00000| Complete 
| 140|0x0000000088c00000, 0x0000000088d00000, 0x0000000088d00000|100%|HC|  |TAMS 0x0000000088d00000, 0x0000000088c00000| Complete 
| 141|0x0000000088d00000, 0x0000000088e00000, 0x0000000088e00000|100%| O|  |TAMS 0x0000000088d00000, 0x0000000088d00000| Untracked 
| 142|0x0000000088e00000, 0x0000000088f00000, 0x0000000088f00000|100%|HS|  |TAMS 0x0000000088e00000, 0x0000000088e00000| Complete 
| 143|0x0000000088f00000, 0x0000000089000000, 0x0000000089000000|100%|HC|  |TAMS 0x0000000088f00000, 0x0000000088f00000| Complete 
| 144|0x0000000089000000, 0x0000000089100000, 0x0000000089100000|100%|HS|  |TAMS 0x0000000089000000, 0x0000000089000000| Complete 
| 145|0x0000000089100000, 0x0000000089200000, 0x0000000089200000|100%| O|  |TAMS 0x0000000089100000, 0x0000000089100000| Untracked 
| 146|0x0000000089200000, 0x00000000892ffff8, 0x0000000089300000| 99%| O|  |TAMS 0x00000000892ffff8, 0x0000000089200000| Untracked 
| 147|0x0000000089300000, 0x0000000089400000, 0x0000000089400000|100%| O|  |TAMS 0x0000000089300000, 0x0000000089300000| Untracked 
| 148|0x0000000089400000, 0x0000000089500000, 0x0000000089500000|100%| O|  |TAMS 0x0000000089400000, 0x0000000089400000| Untracked 
| 149|0x0000000089500000, 0x0000000089600000, 0x0000000089600000|100%| O|  |TAMS 0x0000000089500000, 0x0000000089500000| Untracked 
| 150|0x0000000089600000, 0x0000000089700000, 0x0000000089700000|100%| O|  |TAMS 0x0000000089600000, 0x0000000089600000| Untracked 
| 151|0x0000000089700000, 0x0000000089800000, 0x0000000089800000|100%| O|  |TAMS 0x0000000089700000, 0x0000000089700000| Untracked 
| 152|0x0000000089800000, 0x0000000089900000, 0x0000000089900000|100%| O|  |TAMS 0x0000000089800000, 0x0000000089800000| Untracked 
| 153|0x0000000089900000, 0x0000000089a00000, 0x0000000089a00000|100%| O|  |TAMS 0x0000000089900000, 0x0000000089900000| Untracked 
| 154|0x0000000089a00000, 0x0000000089b00000, 0x0000000089b00000|100%| O|  |TAMS 0x0000000089a00000, 0x0000000089a00000| Untracked 
| 155|0x0000000089b00000, 0x0000000089c00000, 0x0000000089c00000|100%| O|  |TAMS 0x0000000089b00000, 0x0000000089b00000| Untracked 
| 156|0x0000000089c00000, 0x0000000089d00000, 0x0000000089d00000|100%| O|  |TAMS 0x0000000089d00000, 0x0000000089c00000| Untracked 
| 157|0x0000000089d00000, 0x0000000089e00000, 0x0000000089e00000|100%| O|  |TAMS 0x0000000089e00000, 0x0000000089d00000| Untracked 
| 158|0x0000000089e00000, 0x0000000089f00000, 0x0000000089f00000|100%| O|  |TAMS 0x0000000089f00000, 0x0000000089e00000| Untracked 
| 159|0x0000000089f00000, 0x000000008a000000, 0x000000008a000000|100%| O|  |TAMS 0x000000008a000000, 0x0000000089f00000| Untracked 
| 160|0x000000008a000000, 0x000000008a100000, 0x000000008a100000|100%| O|  |TAMS 0x000000008a100000, 0x000000008a000000| Untracked 
| 161|0x000000008a100000, 0x000000008a200000, 0x000000008a200000|100%| O|  |TAMS 0x000000008a200000, 0x000000008a100000| Untracked 
| 162|0x000000008a200000, 0x000000008a300000, 0x000000008a300000|100%| O|  |TAMS 0x000000008a300000, 0x000000008a200000| Untracked 
| 163|0x000000008a300000, 0x000000008a400000, 0x000000008a400000|100%| O|  |TAMS 0x000000008a400000, 0x000000008a300000| Untracked 
| 164|0x000000008a400000, 0x000000008a500000, 0x000000008a500000|100%| O|  |TAMS 0x000000008a500000, 0x000000008a400000| Untracked 
| 165|0x000000008a500000, 0x000000008a600000, 0x000000008a600000|100%| O|  |TAMS 0x000000008a600000, 0x000000008a500000| Untracked 
| 166|0x000000008a600000, 0x000000008a700000, 0x000000008a700000|100%| O|  |TAMS 0x000000008a700000, 0x000000008a600000| Untracked 
| 167|0x000000008a700000, 0x000000008a800000, 0x000000008a800000|100%| O|  |TAMS 0x000000008a800000, 0x000000008a700000| Untracked 
| 168|0x000000008a800000, 0x000000008a900000, 0x000000008a900000|100%| O|  |TAMS 0x000000008a900000, 0x000000008a800000| Untracked 
| 169|0x000000008a900000, 0x000000008aa00000, 0x000000008aa00000|100%| O|  |TAMS 0x000000008aa00000, 0x000000008a900000| Untracked 
| 170|0x000000008aa00000, 0x000000008ab00000, 0x000000008ab00000|100%| O|  |TAMS 0x000000008ab00000, 0x000000008aa00000| Untracked 
| 171|0x000000008ab00000, 0x000000008ac00000, 0x000000008ac00000|100%| O|  |TAMS 0x000000008ac00000, 0x000000008ab00000| Untracked 
| 172|0x000000008ac00000, 0x000000008ad00000, 0x000000008ad00000|100%| O|  |TAMS 0x000000008ad00000, 0x000000008ac00000| Untracked 
| 173|0x000000008ad00000, 0x000000008ae00000, 0x000000008ae00000|100%| O|  |TAMS 0x000000008ae00000, 0x000000008ad00000| Untracked 
| 174|0x000000008ae00000, 0x000000008af00000, 0x000000008af00000|100%| O|  |TAMS 0x000000008af00000, 0x000000008ae00000| Untracked 
| 175|0x000000008af00000, 0x000000008b000000, 0x000000008b000000|100%| O|  |TAMS 0x000000008b000000, 0x000000008af00000| Untracked 
| 176|0x000000008b000000, 0x000000008b100000, 0x000000008b100000|100%| O|  |TAMS 0x000000008b100000, 0x000000008b000000| Untracked 
| 177|0x000000008b100000, 0x000000008b200000, 0x000000008b200000|100%| O|  |TAMS 0x000000008b200000, 0x000000008b100000| Untracked 
| 178|0x000000008b200000, 0x000000008b300000, 0x000000008b300000|100%| O|  |TAMS 0x000000008b300000, 0x000000008b200000| Untracked 
| 179|0x000000008b300000, 0x000000008b400000, 0x000000008b400000|100%| O|  |TAMS 0x000000008b400000, 0x000000008b300000| Untracked 
| 180|0x000000008b400000, 0x000000008b500000, 0x000000008b500000|100%| O|  |TAMS 0x000000008b500000, 0x000000008b400000| Untracked 
| 181|0x000000008b500000, 0x000000008b600000, 0x000000008b600000|100%| O|  |TAMS 0x000000008b500000, 0x000000008b500000| Untracked 
| 182|0x000000008b600000, 0x000000008b700000, 0x000000008b700000|100%| O|  |TAMS 0x000000008b700000, 0x000000008b600000| Untracked 
| 183|0x000000008b700000, 0x000000008b800000, 0x000000008b800000|100%| O|  |TAMS 0x000000008b700000, 0x000000008b700000| Untracked 
| 184|0x000000008b800000, 0x000000008b900000, 0x000000008b900000|100%| O|  |TAMS 0x000000008b800000, 0x000000008b800000| Untracked 
| 185|0x000000008b900000, 0x000000008ba00000, 0x000000008ba00000|100%| O|  |TAMS 0x000000008ba00000, 0x000000008b900000| Untracked 
| 186|0x000000008ba00000, 0x000000008bb00000, 0x000000008bb00000|100%| O|  |TAMS 0x000000008bb00000, 0x000000008ba00000| Untracked 
| 187|0x000000008bb00000, 0x000000008bc00000, 0x000000008bc00000|100%| O|  |TAMS 0x000000008bc00000, 0x000000008bb00000| Untracked 
| 188|0x000000008bc00000, 0x000000008bd00000, 0x000000008bd00000|100%| O|  |TAMS 0x000000008bd00000, 0x000000008bc00000| Untracked 
| 189|0x000000008bd00000, 0x000000008be00000, 0x000000008be00000|100%| O|  |TAMS 0x000000008be00000, 0x000000008bd00000| Untracked 
| 190|0x000000008be00000, 0x000000008bf00000, 0x000000008bf00000|100%| O|  |TAMS 0x000000008be00000, 0x000000008be00000| Untracked 
| 191|0x000000008bf00000, 0x000000008c000000, 0x000000008c000000|100%| O|  |TAMS 0x000000008bf00000, 0x000000008bf00000| Untracked 
| 192|0x000000008c000000, 0x000000008c100000, 0x000000008c100000|100%| O|  |TAMS 0x000000008c100000, 0x000000008c000000| Untracked 
| 193|0x000000008c100000, 0x000000008c200000, 0x000000008c200000|100%| O|  |TAMS 0x000000008c100000, 0x000000008c100000| Untracked 
| 194|0x000000008c200000, 0x000000008c300000, 0x000000008c300000|100%| O|  |TAMS 0x000000008c300000, 0x000000008c200000| Untracked 
| 195|0x000000008c300000, 0x000000008c400000, 0x000000008c400000|100%| O|  |TAMS 0x000000008c400000, 0x000000008c300000| Untracked 
| 196|0x000000008c400000, 0x000000008c500000, 0x000000008c500000|100%| O|  |TAMS 0x000000008c500000, 0x000000008c400000| Untracked 
| 197|0x000000008c500000, 0x000000008c600000, 0x000000008c600000|100%| O|  |TAMS 0x000000008c600000, 0x000000008c500000| Untracked 
| 198|0x000000008c600000, 0x000000008c700000, 0x000000008c700000|100%| O|  |TAMS 0x000000008c700000, 0x000000008c600000| Untracked 
| 199|0x000000008c700000, 0x000000008c800000, 0x000000008c800000|100%| O|  |TAMS 0x000000008c7abe00, 0x000000008c700000| Untracked 
| 200|0x000000008c800000, 0x000000008c900000, 0x000000008c900000|100%| O|  |TAMS 0x000000008c800000, 0x000000008c800000| Untracked 
| 201|0x000000008c900000, 0x000000008ca00000, 0x000000008ca00000|100%| O|  |TAMS 0x000000008c900000, 0x000000008c900000| Untracked 
| 202|0x000000008ca00000, 0x000000008cb00000, 0x000000008cb00000|100%| O|  |TAMS 0x000000008ca00000, 0x000000008ca00000| Untracked 
| 203|0x000000008cb00000, 0x000000008cc00000, 0x000000008cc00000|100%| O|  |TAMS 0x000000008cb00000, 0x000000008cb00000| Untracked 
| 204|0x000000008cc00000, 0x000000008cd00000, 0x000000008cd00000|100%| O|  |TAMS 0x000000008cc00000, 0x000000008cc00000| Untracked 
| 205|0x000000008cd00000, 0x000000008ce00000, 0x000000008ce00000|100%| O|  |TAMS 0x000000008cd00000, 0x000000008cd00000| Untracked 
| 206|0x000000008ce00000, 0x000000008cf00000, 0x000000008cf00000|100%| O|  |TAMS 0x000000008ce00000, 0x000000008ce00000| Untracked 
| 207|0x000000008cf00000, 0x000000008d000000, 0x000000008d000000|100%| O|  |TAMS 0x000000008cf00000, 0x000000008cf00000| Untracked 
| 208|0x000000008d000000, 0x000000008d100000, 0x000000008d100000|100%| O|  |TAMS 0x000000008d000000, 0x000000008d000000| Untracked 
| 209|0x000000008d100000, 0x000000008d200000, 0x000000008d200000|100%| O|  |TAMS 0x000000008d100000, 0x000000008d100000| Untracked 
| 210|0x000000008d200000, 0x000000008d300000, 0x000000008d300000|100%| O|  |TAMS 0x000000008d200000, 0x000000008d200000| Untracked 
| 211|0x000000008d300000, 0x000000008d400000, 0x000000008d400000|100%| O|  |TAMS 0x000000008d300000, 0x000000008d300000| Untracked 
| 212|0x000000008d400000, 0x000000008d500000, 0x000000008d500000|100%| O|  |TAMS 0x000000008d400000, 0x000000008d400000| Untracked 
| 213|0x000000008d500000, 0x000000008d600000, 0x000000008d600000|100%| O|  |TAMS 0x000000008d500000, 0x000000008d500000| Untracked 
| 214|0x000000008d600000, 0x000000008d700000, 0x000000008d700000|100%| O|  |TAMS 0x000000008d600000, 0x000000008d600000| Untracked 
| 215|0x000000008d700000, 0x000000008d800000, 0x000000008d800000|100%| O|  |TAMS 0x000000008d700000, 0x000000008d700000| Untracked 
| 216|0x000000008d800000, 0x000000008d900000, 0x000000008d900000|100%| O|  |TAMS 0x000000008d800000, 0x000000008d800000| Untracked 
| 217|0x000000008d900000, 0x000000008da00000, 0x000000008da00000|100%| O|  |TAMS 0x000000008d900000, 0x000000008d900000| Untracked 
| 218|0x000000008da00000, 0x000000008db00000, 0x000000008db00000|100%| O|  |TAMS 0x000000008da00000, 0x000000008da00000| Untracked 
| 219|0x000000008db00000, 0x000000008dc00000, 0x000000008dc00000|100%| O|  |TAMS 0x000000008db00000, 0x000000008db00000| Untracked 
| 220|0x000000008dc00000, 0x000000008dd00000, 0x000000008dd00000|100%| O|  |TAMS 0x000000008dc00000, 0x000000008dc00000| Untracked 
| 221|0x000000008dd00000, 0x000000008de00000, 0x000000008de00000|100%| O|  |TAMS 0x000000008dd00000, 0x000000008dd00000| Untracked 
| 222|0x000000008de00000, 0x000000008df00000, 0x000000008df00000|100%| O|  |TAMS 0x000000008de00000, 0x000000008de00000| Untracked 
| 223|0x000000008df00000, 0x000000008e000000, 0x000000008e000000|100%| O|  |TAMS 0x000000008df00000, 0x000000008df00000| Untracked 
| 224|0x000000008e000000, 0x000000008e100000, 0x000000008e100000|100%| O|  |TAMS 0x000000008e000000, 0x000000008e000000| Untracked 
| 225|0x000000008e100000, 0x000000008e200000, 0x000000008e200000|100%| O|  |TAMS 0x000000008e100000, 0x000000008e100000| Untracked 
| 226|0x000000008e200000, 0x000000008e300000, 0x000000008e300000|100%| O|  |TAMS 0x000000008e200000, 0x000000008e200000| Untracked 
| 227|0x000000008e300000, 0x000000008e400000, 0x000000008e400000|100%| O|  |TAMS 0x000000008e300000, 0x000000008e300000| Untracked 
| 228|0x000000008e400000, 0x000000008e500000, 0x000000008e500000|100%| O|  |TAMS 0x000000008e400000, 0x000000008e400000| Untracked 
| 229|0x000000008e500000, 0x000000008e600000, 0x000000008e600000|100%| O|  |TAMS 0x000000008e500000, 0x000000008e500000| Untracked 
| 230|0x000000008e600000, 0x000000008e700000, 0x000000008e700000|100%| O|  |TAMS 0x000000008e600000, 0x000000008e600000| Untracked 
| 231|0x000000008e700000, 0x000000008e800000, 0x000000008e800000|100%| O|  |TAMS 0x000000008e700000, 0x000000008e700000| Untracked 
| 232|0x000000008e800000, 0x000000008e900000, 0x000000008e900000|100%| O|  |TAMS 0x000000008e800000, 0x000000008e800000| Untracked 
| 233|0x000000008e900000, 0x000000008ea00000, 0x000000008ea00000|100%| O|  |TAMS 0x000000008e900000, 0x000000008e900000| Untracked 
| 234|0x000000008ea00000, 0x000000008eb00000, 0x000000008eb00000|100%| O|  |TAMS 0x000000008ea00000, 0x000000008ea00000| Untracked 
| 235|0x000000008eb00000, 0x000000008ec00000, 0x000000008ec00000|100%| O|  |TAMS 0x000000008eb00000, 0x000000008eb00000| Untracked 
| 236|0x000000008ec00000, 0x000000008ed00000, 0x000000008ed00000|100%| O|  |TAMS 0x000000008ec00000, 0x000000008ec00000| Untracked 
| 237|0x000000008ed00000, 0x000000008ee00000, 0x000000008ee00000|100%| O|  |TAMS 0x000000008ed00000, 0x000000008ed00000| Untracked 
| 238|0x000000008ee00000, 0x000000008ef00000, 0x000000008ef00000|100%| O|  |TAMS 0x000000008ee00000, 0x000000008ee00000| Untracked 
| 239|0x000000008ef00000, 0x000000008f000000, 0x000000008f000000|100%| O|  |TAMS 0x000000008ef00000, 0x000000008ef00000| Untracked 
| 240|0x000000008f000000, 0x000000008f100000, 0x000000008f100000|100%| O|  |TAMS 0x000000008f000000, 0x000000008f000000| Untracked 
| 241|0x000000008f100000, 0x000000008f200000, 0x000000008f200000|100%| O|  |TAMS 0x000000008f100000, 0x000000008f100000| Untracked 
| 242|0x000000008f200000, 0x000000008f300000, 0x000000008f300000|100%| O|  |TAMS 0x000000008f200000, 0x000000008f200000| Untracked 
| 243|0x000000008f300000, 0x000000008f400000, 0x000000008f400000|100%| O|  |TAMS 0x000000008f300000, 0x000000008f300000| Untracked 
| 244|0x000000008f400000, 0x000000008f500000, 0x000000008f500000|100%| O|  |TAMS 0x000000008f400000, 0x000000008f400000| Untracked 
| 245|0x000000008f500000, 0x000000008f600000, 0x000000008f600000|100%| O|  |TAMS 0x000000008f500000, 0x000000008f500000| Untracked 
| 246|0x000000008f600000, 0x000000008f700000, 0x000000008f700000|100%| O|  |TAMS 0x000000008f600000, 0x000000008f600000| Untracked 
| 247|0x000000008f700000, 0x000000008f800000, 0x000000008f800000|100%| O|  |TAMS 0x000000008f700000, 0x000000008f700000| Untracked 
| 248|0x000000008f800000, 0x000000008f900000, 0x000000008f900000|100%| O|  |TAMS 0x000000008f800000, 0x000000008f800000| Untracked 
| 249|0x000000008f900000, 0x000000008fa00000, 0x000000008fa00000|100%| O|  |TAMS 0x000000008f900000, 0x000000008f900000| Untracked 
| 250|0x000000008fa00000, 0x000000008fb00000, 0x000000008fb00000|100%| O|  |TAMS 0x000000008fa00000, 0x000000008fa00000| Untracked 
| 251|0x000000008fb00000, 0x000000008fc00000, 0x000000008fc00000|100%| O|  |TAMS 0x000000008fb00000, 0x000000008fb00000| Untracked 
| 252|0x000000008fc00000, 0x000000008fd00000, 0x000000008fd00000|100%| O|  |TAMS 0x000000008fc00000, 0x000000008fc00000| Untracked 
| 253|0x000000008fd00000, 0x000000008fe00000, 0x000000008fe00000|100%| O|  |TAMS 0x000000008fd00000, 0x000000008fd00000| Untracked 
| 254|0x000000008fe00000, 0x000000008ff00000, 0x000000008ff00000|100%| O|  |TAMS 0x000000008fe00000, 0x000000008fe00000| Untracked 
| 255|0x000000008ff00000, 0x0000000090000000, 0x0000000090000000|100%| O|  |TAMS 0x000000008ff00000, 0x000000008ff00000| Untracked 
| 256|0x0000000090000000, 0x0000000090100000, 0x0000000090100000|100%| O|  |TAMS 0x0000000090000000, 0x0000000090000000| Untracked 
| 257|0x0000000090100000, 0x0000000090200000, 0x0000000090200000|100%| O|  |TAMS 0x0000000090100000, 0x0000000090100000| Untracked 
| 258|0x0000000090200000, 0x0000000090300000, 0x0000000090300000|100%| O|  |TAMS 0x0000000090200000, 0x0000000090200000| Untracked 
| 259|0x0000000090300000, 0x0000000090400000, 0x0000000090400000|100%| O|  |TAMS 0x0000000090300000, 0x0000000090300000| Untracked 
| 260|0x0000000090400000, 0x0000000090500000, 0x0000000090500000|100%| O|  |TAMS 0x0000000090400000, 0x0000000090400000| Untracked 
| 261|0x0000000090500000, 0x0000000090600000, 0x0000000090600000|100%| O|  |TAMS 0x0000000090500000, 0x0000000090500000| Untracked 
| 262|0x0000000090600000, 0x0000000090700000, 0x0000000090700000|100%| O|  |TAMS 0x0000000090600000, 0x0000000090600000| Untracked 
| 263|0x0000000090700000, 0x0000000090800000, 0x0000000090800000|100%| O|  |TAMS 0x0000000090700000, 0x0000000090700000| Untracked 
| 264|0x0000000090800000, 0x0000000090900000, 0x0000000090900000|100%| O|  |TAMS 0x0000000090800000, 0x0000000090800000| Untracked 
| 265|0x0000000090900000, 0x0000000090a00000, 0x0000000090a00000|100%| O|  |TAMS 0x0000000090900000, 0x0000000090900000| Untracked 
| 266|0x0000000090a00000, 0x0000000090b00000, 0x0000000090b00000|100%| O|  |TAMS 0x0000000090a00000, 0x0000000090a00000| Untracked 
| 267|0x0000000090b00000, 0x0000000090c00000, 0x0000000090c00000|100%| O|  |TAMS 0x0000000090b00000, 0x0000000090b00000| Untracked 
| 268|0x0000000090c00000, 0x0000000090d00000, 0x0000000090d00000|100%| O|  |TAMS 0x0000000090c00000, 0x0000000090c00000| Untracked 
| 269|0x0000000090d00000, 0x0000000090e00000, 0x0000000090e00000|100%| O|  |TAMS 0x0000000090d00000, 0x0000000090d00000| Untracked 
| 270|0x0000000090e00000, 0x0000000090f00000, 0x0000000090f00000|100%| O|  |TAMS 0x0000000090e00000, 0x0000000090e00000| Untracked 
| 271|0x0000000090f00000, 0x0000000091000000, 0x0000000091000000|100%| O|  |TAMS 0x0000000090f00000, 0x0000000090f00000| Untracked 
| 272|0x0000000091000000, 0x0000000091100000, 0x0000000091100000|100%| O|  |TAMS 0x0000000091000000, 0x0000000091000000| Untracked 
| 273|0x0000000091100000, 0x0000000091200000, 0x0000000091200000|100%| O|  |TAMS 0x0000000091100000, 0x0000000091100000| Untracked 
| 274|0x0000000091200000, 0x0000000091300000, 0x0000000091300000|100%| O|  |TAMS 0x0000000091200000, 0x0000000091200000| Untracked 
| 275|0x0000000091300000, 0x0000000091400000, 0x0000000091400000|100%| O|  |TAMS 0x0000000091300000, 0x0000000091300000| Untracked 
| 276|0x0000000091400000, 0x0000000091500000, 0x0000000091500000|100%| O|  |TAMS 0x0000000091400000, 0x0000000091400000| Untracked 
| 277|0x0000000091500000, 0x0000000091600000, 0x0000000091600000|100%| O|  |TAMS 0x0000000091500000, 0x0000000091500000| Untracked 
| 278|0x0000000091600000, 0x0000000091700000, 0x0000000091700000|100%| O|  |TAMS 0x0000000091600000, 0x0000000091600000| Untracked 
| 279|0x0000000091700000, 0x0000000091800000, 0x0000000091800000|100%| O|  |TAMS 0x0000000091700000, 0x0000000091700000| Untracked 
| 280|0x0000000091800000, 0x0000000091900000, 0x0000000091900000|100%| O|  |TAMS 0x0000000091800000, 0x0000000091800000| Untracked 
| 281|0x0000000091900000, 0x0000000091a00000, 0x0000000091a00000|100%| O|  |TAMS 0x0000000091900000, 0x0000000091900000| Untracked 
| 282|0x0000000091a00000, 0x0000000091b00000, 0x0000000091b00000|100%| O|  |TAMS 0x0000000091a00000, 0x0000000091a00000| Untracked 
| 283|0x0000000091b00000, 0x0000000091c00000, 0x0000000091c00000|100%| O|  |TAMS 0x0000000091b00000, 0x0000000091b00000| Untracked 
| 284|0x0000000091c00000, 0x0000000091d00000, 0x0000000091d00000|100%| O|  |TAMS 0x0000000091c00000, 0x0000000091c00000| Untracked 
| 285|0x0000000091d00000, 0x0000000091e00000, 0x0000000091e00000|100%| O|  |TAMS 0x0000000091d00000, 0x0000000091d00000| Untracked 
| 286|0x0000000091e00000, 0x0000000091f00000, 0x0000000091f00000|100%| O|  |TAMS 0x0000000091e00000, 0x0000000091e00000| Untracked 
| 287|0x0000000091f00000, 0x0000000092000000, 0x0000000092000000|100%| O|  |TAMS 0x0000000091f00000, 0x0000000091f00000| Untracked 
| 288|0x0000000092000000, 0x0000000092100000, 0x0000000092100000|100%| O|  |TAMS 0x0000000092000000, 0x0000000092000000| Untracked 
| 289|0x0000000092100000, 0x0000000092200000, 0x0000000092200000|100%| O|  |TAMS 0x0000000092100000, 0x0000000092100000| Untracked 
| 290|0x0000000092200000, 0x0000000092300000, 0x0000000092300000|100%| O|  |TAMS 0x0000000092200000, 0x0000000092200000| Untracked 
| 291|0x0000000092300000, 0x0000000092400000, 0x0000000092400000|100%| O|  |TAMS 0x0000000092300000, 0x0000000092300000| Untracked 
| 292|0x0000000092400000, 0x0000000092500000, 0x0000000092500000|100%| O|  |TAMS 0x0000000092400000, 0x0000000092400000| Untracked 
| 293|0x0000000092500000, 0x0000000092600000, 0x0000000092600000|100%| O|  |TAMS 0x0000000092500000, 0x0000000092500000| Untracked 
| 294|0x0000000092600000, 0x0000000092700000, 0x0000000092700000|100%| O|  |TAMS 0x0000000092600000, 0x0000000092600000| Untracked 
| 295|0x0000000092700000, 0x0000000092800000, 0x0000000092800000|100%| O|  |TAMS 0x0000000092700000, 0x0000000092700000| Untracked 
| 296|0x0000000092800000, 0x0000000092900000, 0x0000000092900000|100%| O|  |TAMS 0x0000000092800000, 0x0000000092800000| Untracked 
| 297|0x0000000092900000, 0x0000000092a00000, 0x0000000092a00000|100%| O|  |TAMS 0x0000000092900000, 0x0000000092900000| Untracked 
| 298|0x0000000092a00000, 0x0000000092b00000, 0x0000000092b00000|100%| O|  |TAMS 0x0000000092a00000, 0x0000000092a00000| Untracked 
| 299|0x0000000092b00000, 0x0000000092c00000, 0x0000000092c00000|100%| O|  |TAMS 0x0000000092b00000, 0x0000000092b00000| Untracked 
| 300|0x0000000092c00000, 0x0000000092d00000, 0x0000000092d00000|100%| O|  |TAMS 0x0000000092c00000, 0x0000000092c00000| Untracked 
| 301|0x0000000092d00000, 0x0000000092e00000, 0x0000000092e00000|100%| O|  |TAMS 0x0000000092d00000, 0x0000000092d00000| Untracked 
| 302|0x0000000092e00000, 0x0000000092f00000, 0x0000000092f00000|100%| O|  |TAMS 0x0000000092e00000, 0x0000000092e00000| Untracked 
| 303|0x0000000092f00000, 0x0000000093000000, 0x0000000093000000|100%| O|  |TAMS 0x0000000092f00000, 0x0000000092f00000| Untracked 
| 304|0x0000000093000000, 0x0000000093100000, 0x0000000093100000|100%| O|  |TAMS 0x0000000093000000, 0x0000000093000000| Untracked 
| 305|0x0000000093100000, 0x0000000093200000, 0x0000000093200000|100%| O|  |TAMS 0x0000000093100000, 0x0000000093100000| Untracked 
| 306|0x0000000093200000, 0x0000000093300000, 0x0000000093300000|100%| O|  |TAMS 0x0000000093200000, 0x0000000093200000| Untracked 
| 307|0x0000000093300000, 0x0000000093400000, 0x0000000093400000|100%| O|  |TAMS 0x0000000093300000, 0x0000000093300000| Untracked 
| 308|0x0000000093400000, 0x0000000093500000, 0x0000000093500000|100%| O|  |TAMS 0x0000000093400000, 0x0000000093400000| Untracked 
| 309|0x0000000093500000, 0x0000000093600000, 0x0000000093600000|100%| O|  |TAMS 0x0000000093500000, 0x0000000093500000| Untracked 
| 310|0x0000000093600000, 0x0000000093700000, 0x0000000093700000|100%| O|  |TAMS 0x0000000093600000, 0x0000000093600000| Untracked 
| 311|0x0000000093700000, 0x0000000093800000, 0x0000000093800000|100%| O|  |TAMS 0x0000000093700000, 0x0000000093700000| Untracked 
| 312|0x0000000093800000, 0x0000000093900000, 0x0000000093900000|100%| O|  |TAMS 0x0000000093800000, 0x0000000093800000| Untracked 
| 313|0x0000000093900000, 0x0000000093a00000, 0x0000000093a00000|100%| O|  |TAMS 0x0000000093900000, 0x0000000093900000| Untracked 
| 314|0x0000000093a00000, 0x0000000093b00000, 0x0000000093b00000|100%| O|  |TAMS 0x0000000093a00000, 0x0000000093a00000| Untracked 
| 315|0x0000000093b00000, 0x0000000093c00000, 0x0000000093c00000|100%| O|  |TAMS 0x0000000093b00000, 0x0000000093b00000| Untracked 
| 316|0x0000000093c00000, 0x0000000093d00000, 0x0000000093d00000|100%| O|  |TAMS 0x0000000093c00000, 0x0000000093c00000| Untracked 
| 317|0x0000000093d00000, 0x0000000093e00000, 0x0000000093e00000|100%| O|  |TAMS 0x0000000093d00000, 0x0000000093d00000| Untracked 
| 318|0x0000000093e00000, 0x0000000093f00000, 0x0000000093f00000|100%| O|  |TAMS 0x0000000093e00000, 0x0000000093e00000| Untracked 
| 319|0x0000000093f00000, 0x0000000094000000, 0x0000000094000000|100%| O|  |TAMS 0x0000000093f00000, 0x0000000093f00000| Untracked 
| 320|0x0000000094000000, 0x0000000094100000, 0x0000000094100000|100%| O|  |TAMS 0x0000000094000000, 0x0000000094000000| Untracked 
| 321|0x0000000094100000, 0x0000000094200000, 0x0000000094200000|100%| O|  |TAMS 0x0000000094100000, 0x0000000094100000| Untracked 
| 322|0x0000000094200000, 0x0000000094300000, 0x0000000094300000|100%| O|  |TAMS 0x0000000094200000, 0x0000000094200000| Untracked 
| 323|0x0000000094300000, 0x0000000094400000, 0x0000000094400000|100%| O|  |TAMS 0x0000000094300000, 0x0000000094300000| Untracked 
| 324|0x0000000094400000, 0x0000000094500000, 0x0000000094500000|100%| O|  |TAMS 0x0000000094400000, 0x0000000094400000| Untracked 
| 325|0x0000000094500000, 0x0000000094600000, 0x0000000094600000|100%| O|  |TAMS 0x0000000094500000, 0x0000000094500000| Untracked 
| 326|0x0000000094600000, 0x0000000094700000, 0x0000000094700000|100%|HS|  |TAMS 0x0000000094600000, 0x0000000094600000| Complete 
| 327|0x0000000094700000, 0x0000000094800000, 0x0000000094800000|100%| O|  |TAMS 0x0000000094700000, 0x0000000094700000| Untracked 
| 328|0x0000000094800000, 0x0000000094900000, 0x0000000094900000|100%| O|  |TAMS 0x0000000094800000, 0x0000000094800000| Untracked 
| 329|0x0000000094900000, 0x0000000094a00000, 0x0000000094a00000|100%| O|  |TAMS 0x0000000094900000, 0x0000000094900000| Untracked 
| 330|0x0000000094a00000, 0x0000000094b00000, 0x0000000094b00000|100%| O|  |TAMS 0x0000000094a00000, 0x0000000094a00000| Untracked 
| 331|0x0000000094b00000, 0x0000000094c00000, 0x0000000094c00000|100%| O|  |TAMS 0x0000000094b00000, 0x0000000094b00000| Untracked 
| 332|0x0000000094c00000, 0x0000000094d00000, 0x0000000094d00000|100%| O|  |TAMS 0x0000000094c00000, 0x0000000094c00000| Untracked 
| 333|0x0000000094d00000, 0x0000000094e00000, 0x0000000094e00000|100%| O|  |TAMS 0x0000000094d00000, 0x0000000094d00000| Untracked 
| 334|0x0000000094e00000, 0x0000000094f00000, 0x0000000094f00000|100%| O|  |TAMS 0x0000000094e00000, 0x0000000094e00000| Untracked 
| 335|0x0000000094f00000, 0x0000000095000000, 0x0000000095000000|100%| O|  |TAMS 0x0000000094f00000, 0x0000000094f00000| Untracked 
| 336|0x0000000095000000, 0x0000000095100000, 0x0000000095100000|100%| O|  |TAMS 0x0000000095000000, 0x0000000095000000| Untracked 
| 337|0x0000000095100000, 0x0000000095200000, 0x0000000095200000|100%| O|  |TAMS 0x0000000095100000, 0x0000000095100000| Untracked 
| 338|0x0000000095200000, 0x0000000095300000, 0x0000000095300000|100%| O|  |TAMS 0x0000000095200000, 0x0000000095200000| Untracked 
| 339|0x0000000095300000, 0x0000000095400000, 0x0000000095400000|100%| O|  |TAMS 0x0000000095300000, 0x0000000095300000| Untracked 
| 340|0x0000000095400000, 0x0000000095500000, 0x0000000095500000|100%| O|  |TAMS 0x0000000095400000, 0x0000000095400000| Untracked 
| 341|0x0000000095500000, 0x0000000095600000, 0x0000000095600000|100%| O|  |TAMS 0x0000000095500000, 0x0000000095500000| Untracked 
| 342|0x0000000095600000, 0x0000000095700000, 0x0000000095700000|100%| O|  |TAMS 0x0000000095600000, 0x0000000095600000| Untracked 
| 343|0x0000000095700000, 0x0000000095800000, 0x0000000095800000|100%| O|  |TAMS 0x0000000095700000, 0x0000000095700000| Untracked 
| 344|0x0000000095800000, 0x0000000095900000, 0x0000000095900000|100%| O|  |TAMS 0x0000000095800000, 0x0000000095800000| Untracked 
| 345|0x0000000095900000, 0x0000000095a00000, 0x0000000095a00000|100%| O|  |TAMS 0x0000000095900000, 0x0000000095900000| Untracked 
| 346|0x0000000095a00000, 0x0000000095b00000, 0x0000000095b00000|100%| O|  |TAMS 0x0000000095a00000, 0x0000000095a00000| Untracked 
| 347|0x0000000095b00000, 0x0000000095c00000, 0x0000000095c00000|100%| O|  |TAMS 0x0000000095b00000, 0x0000000095b00000| Untracked 
| 348|0x0000000095c00000, 0x0000000095d00000, 0x0000000095d00000|100%| O|  |TAMS 0x0000000095c00000, 0x0000000095c00000| Untracked 
| 349|0x0000000095d00000, 0x0000000095e00000, 0x0000000095e00000|100%| O|  |TAMS 0x0000000095d00000, 0x0000000095d00000| Untracked 
| 350|0x0000000095e00000, 0x0000000095f00000, 0x0000000095f00000|100%| O|  |TAMS 0x0000000095e00000, 0x0000000095e00000| Untracked 
| 351|0x0000000095f00000, 0x0000000096000000, 0x0000000096000000|100%| O|  |TAMS 0x0000000095f00000, 0x0000000095f00000| Untracked 
| 352|0x0000000096000000, 0x0000000096100000, 0x0000000096100000|100%| O|  |TAMS 0x0000000096000000, 0x0000000096000000| Untracked 
| 353|0x0000000096100000, 0x0000000096200000, 0x0000000096200000|100%| O|  |TAMS 0x0000000096100000, 0x0000000096100000| Untracked 
| 354|0x0000000096200000, 0x0000000096300000, 0x0000000096300000|100%| O|  |TAMS 0x0000000096200000, 0x0000000096200000| Untracked 
| 355|0x0000000096300000, 0x0000000096400000, 0x0000000096400000|100%| O|  |TAMS 0x0000000096300000, 0x0000000096300000| Untracked 
| 356|0x0000000096400000, 0x0000000096500000, 0x0000000096500000|100%| O|  |TAMS 0x0000000096400000, 0x0000000096400000| Untracked 
| 357|0x0000000096500000, 0x0000000096600000, 0x0000000096600000|100%| O|  |TAMS 0x0000000096500000, 0x0000000096500000| Untracked 
| 358|0x0000000096600000, 0x0000000096700000, 0x0000000096700000|100%| O|  |TAMS 0x0000000096600000, 0x0000000096600000| Untracked 
| 359|0x0000000096700000, 0x0000000096800000, 0x0000000096800000|100%| O|  |TAMS 0x0000000096700000, 0x0000000096700000| Untracked 
| 360|0x0000000096800000, 0x0000000096900000, 0x0000000096900000|100%| O|  |TAMS 0x0000000096800000, 0x0000000096800000| Untracked 
| 361|0x0000000096900000, 0x0000000096a00000, 0x0000000096a00000|100%| O|  |TAMS 0x0000000096900000, 0x0000000096900000| Untracked 
| 362|0x0000000096a00000, 0x0000000096b00000, 0x0000000096b00000|100%| O|  |TAMS 0x0000000096a00000, 0x0000000096a00000| Untracked 
| 363|0x0000000096b00000, 0x0000000096c00000, 0x0000000096c00000|100%| O|  |TAMS 0x0000000096b00000, 0x0000000096b00000| Untracked 
| 364|0x0000000096c00000, 0x0000000096d00000, 0x0000000096d00000|100%| O|  |TAMS 0x0000000096c00000, 0x0000000096c00000| Untracked 
| 365|0x0000000096d00000, 0x0000000096e00000, 0x0000000096e00000|100%| O|  |TAMS 0x0000000096d00000, 0x0000000096d00000| Untracked 
| 366|0x0000000096e00000, 0x0000000096f00000, 0x0000000096f00000|100%| O|  |TAMS 0x0000000096e00000, 0x0000000096e00000| Untracked 
| 367|0x0000000096f00000, 0x0000000097000000, 0x0000000097000000|100%| O|  |TAMS 0x0000000096f00000, 0x0000000096f00000| Untracked 
| 368|0x0000000097000000, 0x0000000097100000, 0x0000000097100000|100%| O|  |TAMS 0x0000000097000000, 0x0000000097000000| Untracked 
| 369|0x0000000097100000, 0x0000000097200000, 0x0000000097200000|100%| O|  |TAMS 0x0000000097100000, 0x0000000097100000| Untracked 
| 370|0x0000000097200000, 0x0000000097300000, 0x0000000097300000|100%| O|  |TAMS 0x0000000097200000, 0x0000000097200000| Untracked 
| 371|0x0000000097300000, 0x0000000097400000, 0x0000000097400000|100%| O|  |TAMS 0x0000000097300000, 0x0000000097300000| Untracked 
| 372|0x0000000097400000, 0x0000000097500000, 0x0000000097500000|100%| O|  |TAMS 0x0000000097400000, 0x0000000097400000| Untracked 
| 373|0x0000000097500000, 0x0000000097600000, 0x0000000097600000|100%| O|  |TAMS 0x0000000097500000, 0x0000000097500000| Untracked 
| 374|0x0000000097600000, 0x0000000097700000, 0x0000000097700000|100%| O|  |TAMS 0x0000000097600000, 0x0000000097600000| Untracked 
| 375|0x0000000097700000, 0x0000000097800000, 0x0000000097800000|100%| O|  |TAMS 0x0000000097700000, 0x0000000097700000| Untracked 
| 376|0x0000000097800000, 0x0000000097900000, 0x0000000097900000|100%| O|  |TAMS 0x0000000097800000, 0x0000000097800000| Untracked 
| 377|0x0000000097900000, 0x0000000097a00000, 0x0000000097a00000|100%| O|  |TAMS 0x0000000097900000, 0x0000000097900000| Untracked 
| 378|0x0000000097a00000, 0x0000000097b00000, 0x0000000097b00000|100%| O|  |TAMS 0x0000000097a00000, 0x0000000097a00000| Untracked 
| 379|0x0000000097b00000, 0x0000000097c00000, 0x0000000097c00000|100%| O|  |TAMS 0x0000000097b00000, 0x0000000097b00000| Untracked 
| 380|0x0000000097c00000, 0x0000000097d00000, 0x0000000097d00000|100%| O|  |TAMS 0x0000000097c00000, 0x0000000097c00000| Untracked 
| 381|0x0000000097d00000, 0x0000000097e00000, 0x0000000097e00000|100%| O|  |TAMS 0x0000000097d00000, 0x0000000097d00000| Untracked 
| 382|0x0000000097e00000, 0x0000000097f00000, 0x0000000097f00000|100%| O|  |TAMS 0x0000000097e00000, 0x0000000097e00000| Untracked 
| 383|0x0000000097f00000, 0x0000000098000000, 0x0000000098000000|100%| O|  |TAMS 0x0000000097f00000, 0x0000000097f00000| Untracked 
| 384|0x0000000098000000, 0x0000000098100000, 0x0000000098100000|100%| O|  |TAMS 0x0000000098000000, 0x0000000098000000| Untracked 
| 385|0x0000000098100000, 0x0000000098200000, 0x0000000098200000|100%| O|  |TAMS 0x0000000098100000, 0x0000000098100000| Untracked 
| 386|0x0000000098200000, 0x0000000098300000, 0x0000000098300000|100%| O|  |TAMS 0x0000000098200000, 0x0000000098200000| Untracked 
| 387|0x0000000098300000, 0x0000000098400000, 0x0000000098400000|100%| O|  |TAMS 0x0000000098300000, 0x0000000098300000| Untracked 
| 388|0x0000000098400000, 0x0000000098500000, 0x0000000098500000|100%| O|  |TAMS 0x0000000098400000, 0x0000000098400000| Untracked 
| 389|0x0000000098500000, 0x0000000098600000, 0x0000000098600000|100%| O|  |TAMS 0x0000000098500000, 0x0000000098500000| Untracked 
| 390|0x0000000098600000, 0x0000000098700000, 0x0000000098700000|100%| O|  |TAMS 0x0000000098600000, 0x0000000098600000| Untracked 
| 391|0x0000000098700000, 0x0000000098800000, 0x0000000098800000|100%| O|  |TAMS 0x0000000098700000, 0x0000000098700000| Untracked 
| 392|0x0000000098800000, 0x0000000098900000, 0x0000000098900000|100%| O|  |TAMS 0x0000000098800000, 0x0000000098800000| Untracked 
| 393|0x0000000098900000, 0x0000000098a00000, 0x0000000098a00000|100%| O|  |TAMS 0x0000000098900000, 0x0000000098900000| Untracked 
| 394|0x0000000098a00000, 0x0000000098b00000, 0x0000000098b00000|100%| O|  |TAMS 0x0000000098a00000, 0x0000000098a00000| Untracked 
| 395|0x0000000098b00000, 0x0000000098c00000, 0x0000000098c00000|100%| O|  |TAMS 0x0000000098b00000, 0x0000000098b00000| Untracked 
| 396|0x0000000098c00000, 0x0000000098d00000, 0x0000000098d00000|100%| O|  |TAMS 0x0000000098c00000, 0x0000000098c00000| Untracked 
| 397|0x0000000098d00000, 0x0000000098e00000, 0x0000000098e00000|100%| O|  |TAMS 0x0000000098d00000, 0x0000000098d00000| Untracked 
| 398|0x0000000098e00000, 0x0000000098f00000, 0x0000000098f00000|100%| O|  |TAMS 0x0000000098e00000, 0x0000000098e00000| Untracked 
| 399|0x0000000098f00000, 0x0000000099000000, 0x0000000099000000|100%| O|  |TAMS 0x0000000098f00000, 0x0000000098f00000| Untracked 
| 400|0x0000000099000000, 0x0000000099100000, 0x0000000099100000|100%| O|  |TAMS 0x0000000099000000, 0x0000000099000000| Untracked 
| 401|0x0000000099100000, 0x0000000099200000, 0x0000000099200000|100%| O|  |TAMS 0x0000000099100000, 0x0000000099100000| Untracked 
| 402|0x0000000099200000, 0x0000000099300000, 0x0000000099300000|100%| O|  |TAMS 0x0000000099200000, 0x0000000099200000| Untracked 
| 403|0x0000000099300000, 0x0000000099400000, 0x0000000099400000|100%| O|  |TAMS 0x0000000099300000, 0x0000000099300000| Untracked 
| 404|0x0000000099400000, 0x0000000099500000, 0x0000000099500000|100%| O|  |TAMS 0x0000000099400000, 0x0000000099400000| Untracked 
| 405|0x0000000099500000, 0x0000000099600000, 0x0000000099600000|100%| O|  |TAMS 0x0000000099500000, 0x0000000099500000| Untracked 
| 406|0x0000000099600000, 0x0000000099700000, 0x0000000099700000|100%| O|  |TAMS 0x0000000099600000, 0x0000000099600000| Untracked 
| 407|0x0000000099700000, 0x0000000099800000, 0x0000000099800000|100%| O|  |TAMS 0x0000000099700000, 0x0000000099700000| Untracked 
| 408|0x0000000099800000, 0x0000000099900000, 0x0000000099900000|100%| O|  |TAMS 0x0000000099800000, 0x0000000099800000| Untracked 
| 409|0x0000000099900000, 0x0000000099a00000, 0x0000000099a00000|100%| O|  |TAMS 0x0000000099900000, 0x0000000099900000| Untracked 
| 410|0x0000000099a00000, 0x0000000099b00000, 0x0000000099b00000|100%| O|  |TAMS 0x0000000099a00000, 0x0000000099a00000| Untracked 
| 411|0x0000000099b00000, 0x0000000099c00000, 0x0000000099c00000|100%| O|  |TAMS 0x0000000099b00000, 0x0000000099b00000| Untracked 
| 412|0x0000000099c00000, 0x0000000099d00000, 0x0000000099d00000|100%| O|  |TAMS 0x0000000099c00000, 0x0000000099c00000| Untracked 
| 413|0x0000000099d00000, 0x0000000099e00000, 0x0000000099e00000|100%| O|  |TAMS 0x0000000099d00000, 0x0000000099d00000| Untracked 
| 414|0x0000000099e00000, 0x0000000099f00000, 0x0000000099f00000|100%| O|  |TAMS 0x0000000099e00000, 0x0000000099e00000| Untracked 
| 415|0x0000000099f00000, 0x000000009a000000, 0x000000009a000000|100%| O|  |TAMS 0x0000000099f00000, 0x0000000099f00000| Untracked 
| 416|0x000000009a000000, 0x000000009a100000, 0x000000009a100000|100%| O|  |TAMS 0x000000009a000000, 0x000000009a000000| Untracked 
| 417|0x000000009a100000, 0x000000009a200000, 0x000000009a200000|100%| O|  |TAMS 0x000000009a100000, 0x000000009a100000| Untracked 
| 418|0x000000009a200000, 0x000000009a300000, 0x000000009a300000|100%| O|  |TAMS 0x000000009a200000, 0x000000009a200000| Untracked 
| 419|0x000000009a300000, 0x000000009a400000, 0x000000009a400000|100%| O|  |TAMS 0x000000009a300000, 0x000000009a300000| Untracked 
| 420|0x000000009a400000, 0x000000009a500000, 0x000000009a500000|100%| O|  |TAMS 0x000000009a400000, 0x000000009a400000| Untracked 
| 421|0x000000009a500000, 0x000000009a600000, 0x000000009a600000|100%| O|  |TAMS 0x000000009a500000, 0x000000009a500000| Untracked 
| 422|0x000000009a600000, 0x000000009a700000, 0x000000009a700000|100%| O|  |TAMS 0x000000009a600000, 0x000000009a600000| Untracked 
| 423|0x000000009a700000, 0x000000009a800000, 0x000000009a800000|100%| O|  |TAMS 0x000000009a700000, 0x000000009a700000| Untracked 
| 424|0x000000009a800000, 0x000000009a900000, 0x000000009a900000|100%| O|  |TAMS 0x000000009a800000, 0x000000009a800000| Untracked 
| 425|0x000000009a900000, 0x000000009aa00000, 0x000000009aa00000|100%| O|  |TAMS 0x000000009a900000, 0x000000009a900000| Untracked 
| 426|0x000000009aa00000, 0x000000009ab00000, 0x000000009ab00000|100%| O|  |TAMS 0x000000009aa00000, 0x000000009aa00000| Untracked 
| 427|0x000000009ab00000, 0x000000009ac00000, 0x000000009ac00000|100%| O|  |TAMS 0x000000009ab00000, 0x000000009ab00000| Untracked 
| 428|0x000000009ac00000, 0x000000009ad00000, 0x000000009ad00000|100%| O|  |TAMS 0x000000009ac00000, 0x000000009ac00000| Untracked 
| 429|0x000000009ad00000, 0x000000009ae00000, 0x000000009ae00000|100%| O|  |TAMS 0x000000009ad00000, 0x000000009ad00000| Untracked 
| 430|0x000000009ae00000, 0x000000009af00000, 0x000000009af00000|100%| O|  |TAMS 0x000000009ae00000, 0x000000009ae00000| Untracked 
| 431|0x000000009af00000, 0x000000009b000000, 0x000000009b000000|100%| O|  |TAMS 0x000000009af00000, 0x000000009af00000| Untracked 
| 432|0x000000009b000000, 0x000000009b100000, 0x000000009b100000|100%| O|  |TAMS 0x000000009b000000, 0x000000009b000000| Untracked 
| 433|0x000000009b100000, 0x000000009b200000, 0x000000009b200000|100%| O|  |TAMS 0x000000009b100000, 0x000000009b100000| Untracked 
| 434|0x000000009b200000, 0x000000009b300000, 0x000000009b300000|100%| O|  |TAMS 0x000000009b200000, 0x000000009b200000| Untracked 
| 435|0x000000009b300000, 0x000000009b400000, 0x000000009b400000|100%| O|  |TAMS 0x000000009b300000, 0x000000009b300000| Untracked 
| 436|0x000000009b400000, 0x000000009b500000, 0x000000009b500000|100%| O|  |TAMS 0x000000009b400000, 0x000000009b400000| Untracked 
| 437|0x000000009b500000, 0x000000009b600000, 0x000000009b600000|100%|HS|  |TAMS 0x000000009b500000, 0x000000009b500000| Complete 
| 438|0x000000009b600000, 0x000000009b700000, 0x000000009b700000|100%|HC|  |TAMS 0x000000009b600000, 0x000000009b600000| Complete 
| 439|0x000000009b700000, 0x000000009b800000, 0x000000009b800000|100%|HS|  |TAMS 0x000000009b700000, 0x000000009b700000| Complete 
| 440|0x000000009b800000, 0x000000009b900000, 0x000000009b900000|100%|HC|  |TAMS 0x000000009b800000, 0x000000009b800000| Complete 
| 441|0x000000009b900000, 0x000000009ba00000, 0x000000009ba00000|100%|HS|  |TAMS 0x000000009b900000, 0x000000009b900000| Complete 
| 442|0x000000009ba00000, 0x000000009bb00000, 0x000000009bb00000|100%|HC|  |TAMS 0x000000009ba00000, 0x000000009ba00000| Complete 
| 443|0x000000009bb00000, 0x000000009bc00000, 0x000000009bc00000|100%| O|  |TAMS 0x000000009bb00000, 0x000000009bb00000| Untracked 
| 444|0x000000009bc00000, 0x000000009bd00000, 0x000000009bd00000|100%| O|  |TAMS 0x000000009bc00000, 0x000000009bc00000| Untracked 
| 445|0x000000009bd00000, 0x000000009be00000, 0x000000009be00000|100%| O|  |TAMS 0x000000009bd00000, 0x000000009bd00000| Untracked 
| 446|0x000000009be00000, 0x000000009bf00000, 0x000000009bf00000|100%| O|  |TAMS 0x000000009be00000, 0x000000009be00000| Untracked 
| 447|0x000000009bf00000, 0x000000009c000000, 0x000000009c000000|100%| O|  |TAMS 0x000000009bf00000, 0x000000009bf00000| Untracked 
| 448|0x000000009c000000, 0x000000009c100000, 0x000000009c100000|100%| O|  |TAMS 0x000000009c000000, 0x000000009c000000| Untracked 
| 449|0x000000009c100000, 0x000000009c200000, 0x000000009c200000|100%| O|  |TAMS 0x000000009c100000, 0x000000009c100000| Untracked 
| 450|0x000000009c200000, 0x000000009c300000, 0x000000009c300000|100%| O|  |TAMS 0x000000009c200000, 0x000000009c200000| Untracked 
| 451|0x000000009c300000, 0x000000009c400000, 0x000000009c400000|100%| O|  |TAMS 0x000000009c300000, 0x000000009c300000| Untracked 
| 452|0x000000009c400000, 0x000000009c500000, 0x000000009c500000|100%| O|  |TAMS 0x000000009c400000, 0x000000009c400000| Untracked 
| 453|0x000000009c500000, 0x000000009c600000, 0x000000009c600000|100%| O|  |TAMS 0x000000009c500000, 0x000000009c500000| Untracked 
| 454|0x000000009c600000, 0x000000009c700000, 0x000000009c700000|100%| O|  |TAMS 0x000000009c600000, 0x000000009c600000| Untracked 
| 455|0x000000009c700000, 0x000000009c800000, 0x000000009c800000|100%| O|  |TAMS 0x000000009c700000, 0x000000009c700000| Untracked 
| 456|0x000000009c800000, 0x000000009c900000, 0x000000009c900000|100%| O|  |TAMS 0x000000009c800000, 0x000000009c800000| Untracked 
| 457|0x000000009c900000, 0x000000009ca00000, 0x000000009ca00000|100%| O|  |TAMS 0x000000009c900000, 0x000000009c900000| Untracked 
| 458|0x000000009ca00000, 0x000000009cb00000, 0x000000009cb00000|100%| O|  |TAMS 0x000000009ca00000, 0x000000009ca00000| Untracked 
| 459|0x000000009cb00000, 0x000000009cc00000, 0x000000009cc00000|100%| O|  |TAMS 0x000000009cb00000, 0x000000009cb00000| Untracked 
| 460|0x000000009cc00000, 0x000000009cd00000, 0x000000009cd00000|100%| O|  |TAMS 0x000000009cc00000, 0x000000009cc00000| Untracked 
| 461|0x000000009cd00000, 0x000000009ce00000, 0x000000009ce00000|100%| O|  |TAMS 0x000000009cd00000, 0x000000009cd00000| Untracked 
| 462|0x000000009ce00000, 0x000000009cf00000, 0x000000009cf00000|100%| O|  |TAMS 0x000000009ce00000, 0x000000009ce00000| Untracked 
| 463|0x000000009cf00000, 0x000000009d000000, 0x000000009d000000|100%| O|  |TAMS 0x000000009cf00000, 0x000000009cf00000| Untracked 
| 464|0x000000009d000000, 0x000000009d100000, 0x000000009d100000|100%| O|  |TAMS 0x000000009d000000, 0x000000009d000000| Untracked 
| 465|0x000000009d100000, 0x000000009d200000, 0x000000009d200000|100%| O|  |TAMS 0x000000009d100000, 0x000000009d100000| Untracked 
| 466|0x000000009d200000, 0x000000009d300000, 0x000000009d300000|100%| O|  |TAMS 0x000000009d200000, 0x000000009d200000| Untracked 
| 467|0x000000009d300000, 0x000000009d400000, 0x000000009d400000|100%| O|  |TAMS 0x000000009d300000, 0x000000009d300000| Untracked 
| 468|0x000000009d400000, 0x000000009d500000, 0x000000009d500000|100%| O|  |TAMS 0x000000009d400000, 0x000000009d400000| Untracked 
| 469|0x000000009d500000, 0x000000009d600000, 0x000000009d600000|100%| O|  |TAMS 0x000000009d500000, 0x000000009d500000| Untracked 
| 470|0x000000009d600000, 0x000000009d700000, 0x000000009d700000|100%| O|  |TAMS 0x000000009d600000, 0x000000009d600000| Untracked 
| 471|0x000000009d700000, 0x000000009d800000, 0x000000009d800000|100%| O|  |TAMS 0x000000009d700000, 0x000000009d700000| Untracked 
| 472|0x000000009d800000, 0x000000009d900000, 0x000000009d900000|100%| O|  |TAMS 0x000000009d800000, 0x000000009d800000| Untracked 
| 473|0x000000009d900000, 0x000000009da00000, 0x000000009da00000|100%| O|  |TAMS 0x000000009d900000, 0x000000009d900000| Untracked 
| 474|0x000000009da00000, 0x000000009db00000, 0x000000009db00000|100%| O|  |TAMS 0x000000009da00000, 0x000000009da00000| Untracked 
| 475|0x000000009db00000, 0x000000009dc00000, 0x000000009dc00000|100%| O|  |TAMS 0x000000009db00000, 0x000000009db00000| Untracked 
| 476|0x000000009dc00000, 0x000000009dd00000, 0x000000009dd00000|100%| O|  |TAMS 0x000000009dc00000, 0x000000009dc00000| Untracked 
| 477|0x000000009dd00000, 0x000000009de00000, 0x000000009de00000|100%| O|  |TAMS 0x000000009dd00000, 0x000000009dd00000| Untracked 
| 478|0x000000009de00000, 0x000000009df00000, 0x000000009df00000|100%| O|  |TAMS 0x000000009de00000, 0x000000009de00000| Untracked 
| 479|0x000000009df00000, 0x000000009e000000, 0x000000009e000000|100%| O|  |TAMS 0x000000009df00000, 0x000000009df00000| Untracked 
| 480|0x000000009e000000, 0x000000009e100000, 0x000000009e100000|100%| O|  |TAMS 0x000000009e000000, 0x000000009e000000| Untracked 
| 481|0x000000009e100000, 0x000000009e200000, 0x000000009e200000|100%| O|  |TAMS 0x000000009e100000, 0x000000009e100000| Untracked 
| 482|0x000000009e200000, 0x000000009e300000, 0x000000009e300000|100%| O|  |TAMS 0x000000009e200000, 0x000000009e200000| Untracked 
| 483|0x000000009e300000, 0x000000009e400000, 0x000000009e400000|100%| O|  |TAMS 0x000000009e300000, 0x000000009e300000| Untracked 
| 484|0x000000009e400000, 0x000000009e500000, 0x000000009e500000|100%| O|  |TAMS 0x000000009e400000, 0x000000009e400000| Untracked 
| 485|0x000000009e500000, 0x000000009e600000, 0x000000009e600000|100%|HS|  |TAMS 0x000000009e500000, 0x000000009e500000| Complete 
| 486|0x000000009e600000, 0x000000009e700000, 0x000000009e700000|100%| O|  |TAMS 0x000000009e600000, 0x000000009e600000| Untracked 
| 487|0x000000009e700000, 0x000000009e800000, 0x000000009e800000|100%| O|  |TAMS 0x000000009e700000, 0x000000009e700000| Untracked 
| 488|0x000000009e800000, 0x000000009e900000, 0x000000009e900000|100%| O|  |TAMS 0x000000009e800000, 0x000000009e800000| Untracked 
| 489|0x000000009e900000, 0x000000009ea00000, 0x000000009ea00000|100%| O|  |TAMS 0x000000009e900000, 0x000000009e900000| Untracked 
| 490|0x000000009ea00000, 0x000000009eb00000, 0x000000009eb00000|100%| O|  |TAMS 0x000000009ea00000, 0x000000009ea00000| Untracked 
| 491|0x000000009eb00000, 0x000000009ec00000, 0x000000009ec00000|100%| O|  |TAMS 0x000000009eb00000, 0x000000009eb00000| Untracked 
| 492|0x000000009ec00000, 0x000000009ed00000, 0x000000009ed00000|100%| O|  |TAMS 0x000000009ec00000, 0x000000009ec00000| Untracked 
| 493|0x000000009ed00000, 0x000000009ee00000, 0x000000009ee00000|100%| O|  |TAMS 0x000000009ed00000, 0x000000009ed00000| Untracked 
| 494|0x000000009ee00000, 0x000000009ef00000, 0x000000009ef00000|100%| O|  |TAMS 0x000000009ee00000, 0x000000009ee00000| Untracked 
| 495|0x000000009ef00000, 0x000000009f000000, 0x000000009f000000|100%| O|  |TAMS 0x000000009ef00000, 0x000000009ef00000| Untracked 
| 496|0x000000009f000000, 0x000000009f100000, 0x000000009f100000|100%| O|  |TAMS 0x000000009f000000, 0x000000009f000000| Untracked 
| 497|0x000000009f100000, 0x000000009f200000, 0x000000009f200000|100%| O|  |TAMS 0x000000009f100000, 0x000000009f100000| Untracked 
| 498|0x000000009f200000, 0x000000009f300000, 0x000000009f300000|100%| O|  |TAMS 0x000000009f200000, 0x000000009f200000| Untracked 
| 499|0x000000009f300000, 0x000000009f400000, 0x000000009f400000|100%| O|  |TAMS 0x000000009f300000, 0x000000009f300000| Untracked 
| 500|0x000000009f400000, 0x000000009f500000, 0x000000009f500000|100%| O|  |TAMS 0x000000009f400000, 0x000000009f400000| Untracked 
| 501|0x000000009f500000, 0x000000009f600000, 0x000000009f600000|100%| O|  |TAMS 0x000000009f500000, 0x000000009f500000| Untracked 
| 502|0x000000009f600000, 0x000000009f700000, 0x000000009f700000|100%| O|  |TAMS 0x000000009f600000, 0x000000009f600000| Untracked 
| 503|0x000000009f700000, 0x000000009f800000, 0x000000009f800000|100%| O|  |TAMS 0x000000009f700000, 0x000000009f700000| Untracked 
| 504|0x000000009f800000, 0x000000009f900000, 0x000000009f900000|100%| O|  |TAMS 0x000000009f800000, 0x000000009f800000| Untracked 
| 505|0x000000009f900000, 0x000000009fa00000, 0x000000009fa00000|100%| O|  |TAMS 0x000000009f900000, 0x000000009f900000| Untracked 
| 506|0x000000009fa00000, 0x000000009fb00000, 0x000000009fb00000|100%| O|  |TAMS 0x000000009fa00000, 0x000000009fa00000| Untracked 
| 507|0x000000009fb00000, 0x000000009fc00000, 0x000000009fc00000|100%| O|  |TAMS 0x000000009fb00000, 0x000000009fb00000| Untracked 
| 508|0x000000009fc00000, 0x000000009fd00000, 0x000000009fd00000|100%| O|  |TAMS 0x000000009fc00000, 0x000000009fc00000| Untracked 
| 509|0x000000009fd00000, 0x000000009fe00000, 0x000000009fe00000|100%| O|  |TAMS 0x000000009fd00000, 0x000000009fd00000| Untracked 
| 510|0x000000009fe00000, 0x000000009ff00000, 0x000000009ff00000|100%| O|  |TAMS 0x000000009fe00000, 0x000000009fe00000| Untracked 
| 511|0x000000009ff00000, 0x00000000a0000000, 0x00000000a0000000|100%| O|  |TAMS 0x000000009ff00000, 0x000000009ff00000| Untracked 
| 512|0x00000000a0000000, 0x00000000a0100000, 0x00000000a0100000|100%| O|  |TAMS 0x00000000a0000000, 0x00000000a0000000| Untracked 
| 513|0x00000000a0100000, 0x00000000a0200000, 0x00000000a0200000|100%| O|  |TAMS 0x00000000a0100000, 0x00000000a0100000| Untracked 
| 514|0x00000000a0200000, 0x00000000a0300000, 0x00000000a0300000|100%| O|  |TAMS 0x00000000a0200000, 0x00000000a0200000| Untracked 
| 515|0x00000000a0300000, 0x00000000a0400000, 0x00000000a0400000|100%| O|  |TAMS 0x00000000a0300000, 0x00000000a0300000| Untracked 
| 516|0x00000000a0400000, 0x00000000a0500000, 0x00000000a0500000|100%| O|  |TAMS 0x00000000a0400000, 0x00000000a0400000| Untracked 
| 517|0x00000000a0500000, 0x00000000a0600000, 0x00000000a0600000|100%| O|  |TAMS 0x00000000a0500000, 0x00000000a0500000| Untracked 
| 518|0x00000000a0600000, 0x00000000a0700000, 0x00000000a0700000|100%| O|  |TAMS 0x00000000a0600000, 0x00000000a0600000| Untracked 
| 519|0x00000000a0700000, 0x00000000a0800000, 0x00000000a0800000|100%| O|  |TAMS 0x00000000a0700000, 0x00000000a0700000| Untracked 
| 520|0x00000000a0800000, 0x00000000a0800000, 0x00000000a0900000|  0%| F|  |TAMS 0x00000000a0800000, 0x00000000a0800000| Untracked 
| 521|0x00000000a0900000, 0x00000000a0900000, 0x00000000a0a00000|  0%| F|  |TAMS 0x00000000a0900000, 0x00000000a0900000| Untracked 
| 522|0x00000000a0a00000, 0x00000000a0a00000, 0x00000000a0b00000|  0%| F|  |TAMS 0x00000000a0a00000, 0x00000000a0a00000| Untracked 
| 523|0x00000000a0b00000, 0x00000000a0b00000, 0x00000000a0c00000|  0%| F|  |TAMS 0x00000000a0b00000, 0x00000000a0b00000| Untracked 
| 524|0x00000000a0c00000, 0x00000000a0c00000, 0x00000000a0d00000|  0%| F|  |TAMS 0x00000000a0c00000, 0x00000000a0c00000| Untracked 
| 525|0x00000000a0d00000, 0x00000000a0d00000, 0x00000000a0e00000|  0%| F|  |TAMS 0x00000000a0d00000, 0x00000000a0d00000| Untracked 
| 526|0x00000000a0e00000, 0x00000000a0e00000, 0x00000000a0f00000|  0%| F|  |TAMS 0x00000000a0e00000, 0x00000000a0e00000| Untracked 
| 527|0x00000000a0f00000, 0x00000000a0f00000, 0x00000000a1000000|  0%| F|  |TAMS 0x00000000a0f00000, 0x00000000a0f00000| Untracked 
| 528|0x00000000a1000000, 0x00000000a1000000, 0x00000000a1100000|  0%| F|  |TAMS 0x00000000a1000000, 0x00000000a1000000| Untracked 
| 529|0x00000000a1100000, 0x00000000a1100000, 0x00000000a1200000|  0%| F|  |TAMS 0x00000000a1100000, 0x00000000a1100000| Untracked 
| 530|0x00000000a1200000, 0x00000000a1200000, 0x00000000a1300000|  0%| F|  |TAMS 0x00000000a1200000, 0x00000000a1200000| Untracked 
| 531|0x00000000a1300000, 0x00000000a1300000, 0x00000000a1400000|  0%| F|  |TAMS 0x00000000a1300000, 0x00000000a1300000| Untracked 
| 532|0x00000000a1400000, 0x00000000a1400000, 0x00000000a1500000|  0%| F|  |TAMS 0x00000000a1400000, 0x00000000a1400000| Untracked 
| 533|0x00000000a1500000, 0x00000000a1500000, 0x00000000a1600000|  0%| F|  |TAMS 0x00000000a1500000, 0x00000000a1500000| Untracked 
| 534|0x00000000a1600000, 0x00000000a1600000, 0x00000000a1700000|  0%| F|  |TAMS 0x00000000a1600000, 0x00000000a1600000| Untracked 
| 535|0x00000000a1700000, 0x00000000a1700000, 0x00000000a1800000|  0%| F|  |TAMS 0x00000000a1700000, 0x00000000a1700000| Untracked 
| 536|0x00000000a1800000, 0x00000000a1800000, 0x00000000a1900000|  0%| F|  |TAMS 0x00000000a1800000, 0x00000000a1800000| Untracked 
| 537|0x00000000a1900000, 0x00000000a1900000, 0x00000000a1a00000|  0%| F|  |TAMS 0x00000000a1900000, 0x00000000a1900000| Untracked 
| 538|0x00000000a1a00000, 0x00000000a1a00000, 0x00000000a1b00000|  0%| F|  |TAMS 0x00000000a1a00000, 0x00000000a1a00000| Untracked 
| 539|0x00000000a1b00000, 0x00000000a1b00000, 0x00000000a1c00000|  0%| F|  |TAMS 0x00000000a1b00000, 0x00000000a1b00000| Untracked 
| 540|0x00000000a1c00000, 0x00000000a1c00000, 0x00000000a1d00000|  0%| F|  |TAMS 0x00000000a1c00000, 0x00000000a1c00000| Untracked 
| 541|0x00000000a1d00000, 0x00000000a1d00000, 0x00000000a1e00000|  0%| F|  |TAMS 0x00000000a1d00000, 0x00000000a1d00000| Untracked 
| 542|0x00000000a1e00000, 0x00000000a1e00000, 0x00000000a1f00000|  0%| F|  |TAMS 0x00000000a1e00000, 0x00000000a1e00000| Untracked 
| 543|0x00000000a1f00000, 0x00000000a1f00000, 0x00000000a2000000|  0%| F|  |TAMS 0x00000000a1f00000, 0x00000000a1f00000| Untracked 
| 544|0x00000000a2000000, 0x00000000a2000000, 0x00000000a2100000|  0%| F|  |TAMS 0x00000000a2000000, 0x00000000a2000000| Untracked 
| 545|0x00000000a2100000, 0x00000000a2100000, 0x00000000a2200000|  0%| F|  |TAMS 0x00000000a2100000, 0x00000000a2100000| Untracked 
| 546|0x00000000a2200000, 0x00000000a2200000, 0x00000000a2300000|  0%| F|  |TAMS 0x00000000a2200000, 0x00000000a2200000| Untracked 
| 547|0x00000000a2300000, 0x00000000a2300000, 0x00000000a2400000|  0%| F|  |TAMS 0x00000000a2300000, 0x00000000a2300000| Untracked 
| 548|0x00000000a2400000, 0x00000000a2400000, 0x00000000a2500000|  0%| F|  |TAMS 0x00000000a2400000, 0x00000000a2400000| Untracked 
| 549|0x00000000a2500000, 0x00000000a2500000, 0x00000000a2600000|  0%| F|  |TAMS 0x00000000a2500000, 0x00000000a2500000| Untracked 
| 550|0x00000000a2600000, 0x00000000a2600000, 0x00000000a2700000|  0%| F|  |TAMS 0x00000000a2600000, 0x00000000a2600000| Untracked 
| 551|0x00000000a2700000, 0x00000000a2700000, 0x00000000a2800000|  0%| F|  |TAMS 0x00000000a2700000, 0x00000000a2700000| Untracked 
| 552|0x00000000a2800000, 0x00000000a2800000, 0x00000000a2900000|  0%| F|  |TAMS 0x00000000a2800000, 0x00000000a2800000| Untracked 
| 553|0x00000000a2900000, 0x00000000a2900000, 0x00000000a2a00000|  0%| F|  |TAMS 0x00000000a2900000, 0x00000000a2900000| Untracked 
| 554|0x00000000a2a00000, 0x00000000a2a00000, 0x00000000a2b00000|  0%| F|  |TAMS 0x00000000a2a00000, 0x00000000a2a00000| Untracked 
| 555|0x00000000a2b00000, 0x00000000a2b00000, 0x00000000a2c00000|  0%| F|  |TAMS 0x00000000a2b00000, 0x00000000a2b00000| Untracked 
| 556|0x00000000a2c00000, 0x00000000a2c00000, 0x00000000a2d00000|  0%| F|  |TAMS 0x00000000a2c00000, 0x00000000a2c00000| Untracked 
| 557|0x00000000a2d00000, 0x00000000a2d00000, 0x00000000a2e00000|  0%| F|  |TAMS 0x00000000a2d00000, 0x00000000a2d00000| Untracked 
| 558|0x00000000a2e00000, 0x00000000a2e00000, 0x00000000a2f00000|  0%| F|  |TAMS 0x00000000a2e00000, 0x00000000a2e00000| Untracked 
| 559|0x00000000a2f00000, 0x00000000a2f00000, 0x00000000a3000000|  0%| F|  |TAMS 0x00000000a2f00000, 0x00000000a2f00000| Untracked 
| 560|0x00000000a3000000, 0x00000000a3000000, 0x00000000a3100000|  0%| F|  |TAMS 0x00000000a3000000, 0x00000000a3000000| Untracked 
| 561|0x00000000a3100000, 0x00000000a3100000, 0x00000000a3200000|  0%| F|  |TAMS 0x00000000a3100000, 0x00000000a3100000| Untracked 
| 562|0x00000000a3200000, 0x00000000a3200000, 0x00000000a3300000|  0%| F|  |TAMS 0x00000000a3200000, 0x00000000a3200000| Untracked 
| 563|0x00000000a3300000, 0x00000000a3300000, 0x00000000a3400000|  0%| F|  |TAMS 0x00000000a3300000, 0x00000000a3300000| Untracked 
| 564|0x00000000a3400000, 0x00000000a3400000, 0x00000000a3500000|  0%| F|  |TAMS 0x00000000a3400000, 0x00000000a3400000| Untracked 
| 565|0x00000000a3500000, 0x00000000a3500000, 0x00000000a3600000|  0%| F|  |TAMS 0x00000000a3500000, 0x00000000a3500000| Untracked 
| 566|0x00000000a3600000, 0x00000000a3600000, 0x00000000a3700000|  0%| F|  |TAMS 0x00000000a3600000, 0x00000000a3600000| Untracked 
| 567|0x00000000a3700000, 0x00000000a3700000, 0x00000000a3800000|  0%| F|  |TAMS 0x00000000a3700000, 0x00000000a3700000| Untracked 
| 568|0x00000000a3800000, 0x00000000a3800000, 0x00000000a3900000|  0%| F|  |TAMS 0x00000000a3800000, 0x00000000a3800000| Untracked 
| 569|0x00000000a3900000, 0x00000000a3900000, 0x00000000a3a00000|  0%| F|  |TAMS 0x00000000a3900000, 0x00000000a3900000| Untracked 
| 570|0x00000000a3a00000, 0x00000000a3a00000, 0x00000000a3b00000|  0%| F|  |TAMS 0x00000000a3a00000, 0x00000000a3a00000| Untracked 
| 571|0x00000000a3b00000, 0x00000000a3b00000, 0x00000000a3c00000|  0%| F|  |TAMS 0x00000000a3b00000, 0x00000000a3b00000| Untracked 
| 572|0x00000000a3c00000, 0x00000000a3c00000, 0x00000000a3d00000|  0%| F|  |TAMS 0x00000000a3c00000, 0x00000000a3c00000| Untracked 
| 573|0x00000000a3d00000, 0x00000000a3d00000, 0x00000000a3e00000|  0%| F|  |TAMS 0x00000000a3d00000, 0x00000000a3d00000| Untracked 
| 574|0x00000000a3e00000, 0x00000000a3e00000, 0x00000000a3f00000|  0%| F|  |TAMS 0x00000000a3e00000, 0x00000000a3e00000| Untracked 
| 575|0x00000000a3f00000, 0x00000000a3f00000, 0x00000000a4000000|  0%| F|  |TAMS 0x00000000a3f00000, 0x00000000a3f00000| Untracked 
| 576|0x00000000a4000000, 0x00000000a4000000, 0x00000000a4100000|  0%| F|  |TAMS 0x00000000a4000000, 0x00000000a4000000| Untracked 
| 577|0x00000000a4100000, 0x00000000a4100000, 0x00000000a4200000|  0%| F|  |TAMS 0x00000000a4100000, 0x00000000a4100000| Untracked 
| 578|0x00000000a4200000, 0x00000000a4200000, 0x00000000a4300000|  0%| F|  |TAMS 0x00000000a4200000, 0x00000000a4200000| Untracked 
| 579|0x00000000a4300000, 0x00000000a4300000, 0x00000000a4400000|  0%| F|  |TAMS 0x00000000a4300000, 0x00000000a4300000| Untracked 
| 580|0x00000000a4400000, 0x00000000a4400000, 0x00000000a4500000|  0%| F|  |TAMS 0x00000000a4400000, 0x00000000a4400000| Untracked 
| 581|0x00000000a4500000, 0x00000000a4500000, 0x00000000a4600000|  0%| F|  |TAMS 0x00000000a4500000, 0x00000000a4500000| Untracked 
| 582|0x00000000a4600000, 0x00000000a4600000, 0x00000000a4700000|  0%| F|  |TAMS 0x00000000a4600000, 0x00000000a4600000| Untracked 
| 583|0x00000000a4700000, 0x00000000a4700000, 0x00000000a4800000|  0%| F|  |TAMS 0x00000000a4700000, 0x00000000a4700000| Untracked 
| 584|0x00000000a4800000, 0x00000000a4800000, 0x00000000a4900000|  0%| F|  |TAMS 0x00000000a4800000, 0x00000000a4800000| Untracked 
| 585|0x00000000a4900000, 0x00000000a4900000, 0x00000000a4a00000|  0%| F|  |TAMS 0x00000000a4900000, 0x00000000a4900000| Untracked 
| 586|0x00000000a4a00000, 0x00000000a4a00000, 0x00000000a4b00000|  0%| F|  |TAMS 0x00000000a4a00000, 0x00000000a4a00000| Untracked 
| 587|0x00000000a4b00000, 0x00000000a4b00000, 0x00000000a4c00000|  0%| F|  |TAMS 0x00000000a4b00000, 0x00000000a4b00000| Untracked 
| 588|0x00000000a4c00000, 0x00000000a4c00000, 0x00000000a4d00000|  0%| F|  |TAMS 0x00000000a4c00000, 0x00000000a4c00000| Untracked 
| 589|0x00000000a4d00000, 0x00000000a4d00000, 0x00000000a4e00000|  0%| F|  |TAMS 0x00000000a4d00000, 0x00000000a4d00000| Untracked 
| 590|0x00000000a4e00000, 0x00000000a4e00000, 0x00000000a4f00000|  0%| F|  |TAMS 0x00000000a4e00000, 0x00000000a4e00000| Untracked 
| 591|0x00000000a4f00000, 0x00000000a4f00000, 0x00000000a5000000|  0%| F|  |TAMS 0x00000000a4f00000, 0x00000000a4f00000| Untracked 
| 592|0x00000000a5000000, 0x00000000a5000000, 0x00000000a5100000|  0%| F|  |TAMS 0x00000000a5000000, 0x00000000a5000000| Untracked 
| 593|0x00000000a5100000, 0x00000000a5100000, 0x00000000a5200000|  0%| F|  |TAMS 0x00000000a5100000, 0x00000000a5100000| Untracked 
| 594|0x00000000a5200000, 0x00000000a5200000, 0x00000000a5300000|  0%| F|  |TAMS 0x00000000a5200000, 0x00000000a5200000| Untracked 
| 595|0x00000000a5300000, 0x00000000a5300000, 0x00000000a5400000|  0%| F|  |TAMS 0x00000000a5300000, 0x00000000a5300000| Untracked 
| 596|0x00000000a5400000, 0x00000000a5400000, 0x00000000a5500000|  0%| F|  |TAMS 0x00000000a5400000, 0x00000000a5400000| Untracked 
| 597|0x00000000a5500000, 0x00000000a5500000, 0x00000000a5600000|  0%| F|  |TAMS 0x00000000a5500000, 0x00000000a5500000| Untracked 
| 598|0x00000000a5600000, 0x00000000a5600000, 0x00000000a5700000|  0%| F|  |TAMS 0x00000000a5600000, 0x00000000a5600000| Untracked 
| 599|0x00000000a5700000, 0x00000000a5700000, 0x00000000a5800000|  0%| F|  |TAMS 0x00000000a5700000, 0x00000000a5700000| Untracked 
| 600|0x00000000a5800000, 0x00000000a5800000, 0x00000000a5900000|  0%| F|  |TAMS 0x00000000a5800000, 0x00000000a5800000| Untracked 
| 601|0x00000000a5900000, 0x00000000a5900000, 0x00000000a5a00000|  0%| F|  |TAMS 0x00000000a5900000, 0x00000000a5900000| Untracked 
| 602|0x00000000a5a00000, 0x00000000a5a00000, 0x00000000a5b00000|  0%| F|  |TAMS 0x00000000a5a00000, 0x00000000a5a00000| Untracked 
| 603|0x00000000a5b00000, 0x00000000a5b00000, 0x00000000a5c00000|  0%| F|  |TAMS 0x00000000a5b00000, 0x00000000a5b00000| Untracked 
| 604|0x00000000a5c00000, 0x00000000a5c00000, 0x00000000a5d00000|  0%| F|  |TAMS 0x00000000a5c00000, 0x00000000a5c00000| Untracked 
| 605|0x00000000a5d00000, 0x00000000a5d00000, 0x00000000a5e00000|  0%| F|  |TAMS 0x00000000a5d00000, 0x00000000a5d00000| Untracked 
| 606|0x00000000a5e00000, 0x00000000a5e00000, 0x00000000a5f00000|  0%| F|  |TAMS 0x00000000a5e00000, 0x00000000a5e00000| Untracked 
| 607|0x00000000a5f00000, 0x00000000a5f00000, 0x00000000a6000000|  0%| F|  |TAMS 0x00000000a5f00000, 0x00000000a5f00000| Untracked 
| 608|0x00000000a6000000, 0x00000000a6000000, 0x00000000a6100000|  0%| F|  |TAMS 0x00000000a6000000, 0x00000000a6000000| Untracked 
| 609|0x00000000a6100000, 0x00000000a6100000, 0x00000000a6200000|  0%| F|  |TAMS 0x00000000a6100000, 0x00000000a6100000| Untracked 
| 610|0x00000000a6200000, 0x00000000a6200000, 0x00000000a6300000|  0%| F|  |TAMS 0x00000000a6200000, 0x00000000a6200000| Untracked 
| 611|0x00000000a6300000, 0x00000000a6300000, 0x00000000a6400000|  0%| F|  |TAMS 0x00000000a6300000, 0x00000000a6300000| Untracked 
| 612|0x00000000a6400000, 0x00000000a6400000, 0x00000000a6500000|  0%| F|  |TAMS 0x00000000a6400000, 0x00000000a6400000| Untracked 
| 613|0x00000000a6500000, 0x00000000a6500000, 0x00000000a6600000|  0%| F|  |TAMS 0x00000000a6500000, 0x00000000a6500000| Untracked 
| 614|0x00000000a6600000, 0x00000000a6600000, 0x00000000a6700000|  0%| F|  |TAMS 0x00000000a6600000, 0x00000000a6600000| Untracked 
| 615|0x00000000a6700000, 0x00000000a6700000, 0x00000000a6800000|  0%| F|  |TAMS 0x00000000a6700000, 0x00000000a6700000| Untracked 
| 616|0x00000000a6800000, 0x00000000a6800000, 0x00000000a6900000|  0%| F|  |TAMS 0x00000000a6800000, 0x00000000a6800000| Untracked 
| 617|0x00000000a6900000, 0x00000000a6900000, 0x00000000a6a00000|  0%| F|  |TAMS 0x00000000a6900000, 0x00000000a6900000| Untracked 
| 618|0x00000000a6a00000, 0x00000000a6a00000, 0x00000000a6b00000|  0%| F|  |TAMS 0x00000000a6a00000, 0x00000000a6a00000| Untracked 
| 619|0x00000000a6b00000, 0x00000000a6b00000, 0x00000000a6c00000|  0%| F|  |TAMS 0x00000000a6b00000, 0x00000000a6b00000| Untracked 
| 620|0x00000000a6c00000, 0x00000000a6c00000, 0x00000000a6d00000|  0%| F|  |TAMS 0x00000000a6c00000, 0x00000000a6c00000| Untracked 
| 621|0x00000000a6d00000, 0x00000000a6d00000, 0x00000000a6e00000|  0%| F|  |TAMS 0x00000000a6d00000, 0x00000000a6d00000| Untracked 
| 622|0x00000000a6e00000, 0x00000000a6e00000, 0x00000000a6f00000|  0%| F|  |TAMS 0x00000000a6e00000, 0x00000000a6e00000| Untracked 
| 623|0x00000000a6f00000, 0x00000000a6f00000, 0x00000000a7000000|  0%| F|  |TAMS 0x00000000a6f00000, 0x00000000a6f00000| Untracked 
| 624|0x00000000a7000000, 0x00000000a7000000, 0x00000000a7100000|  0%| F|  |TAMS 0x00000000a7000000, 0x00000000a7000000| Untracked 
| 625|0x00000000a7100000, 0x00000000a7100000, 0x00000000a7200000|  0%| F|  |TAMS 0x00000000a7100000, 0x00000000a7100000| Untracked 
| 626|0x00000000a7200000, 0x00000000a7200000, 0x00000000a7300000|  0%| F|  |TAMS 0x00000000a7200000, 0x00000000a7200000| Untracked 
| 627|0x00000000a7300000, 0x00000000a7300000, 0x00000000a7400000|  0%| F|  |TAMS 0x00000000a7300000, 0x00000000a7300000| Untracked 
| 628|0x00000000a7400000, 0x00000000a7400000, 0x00000000a7500000|  0%| F|  |TAMS 0x00000000a7400000, 0x00000000a7400000| Untracked 
| 629|0x00000000a7500000, 0x00000000a7500000, 0x00000000a7600000|  0%| F|  |TAMS 0x00000000a7500000, 0x00000000a7500000| Untracked 
| 630|0x00000000a7600000, 0x00000000a7600000, 0x00000000a7700000|  0%| F|  |TAMS 0x00000000a7600000, 0x00000000a7600000| Untracked 
| 631|0x00000000a7700000, 0x00000000a7700000, 0x00000000a7800000|  0%| F|  |TAMS 0x00000000a7700000, 0x00000000a7700000| Untracked 
| 632|0x00000000a7800000, 0x00000000a7800000, 0x00000000a7900000|  0%| F|  |TAMS 0x00000000a7800000, 0x00000000a7800000| Untracked 
| 633|0x00000000a7900000, 0x00000000a7900000, 0x00000000a7a00000|  0%| F|  |TAMS 0x00000000a7900000, 0x00000000a7900000| Untracked 
| 634|0x00000000a7a00000, 0x00000000a7a00000, 0x00000000a7b00000|  0%| F|  |TAMS 0x00000000a7a00000, 0x00000000a7a00000| Untracked 
| 635|0x00000000a7b00000, 0x00000000a7b00000, 0x00000000a7c00000|  0%| F|  |TAMS 0x00000000a7b00000, 0x00000000a7b00000| Untracked 
| 636|0x00000000a7c00000, 0x00000000a7c00000, 0x00000000a7d00000|  0%| F|  |TAMS 0x00000000a7c00000, 0x00000000a7c00000| Untracked 
| 637|0x00000000a7d00000, 0x00000000a7d00000, 0x00000000a7e00000|  0%| F|  |TAMS 0x00000000a7d00000, 0x00000000a7d00000| Untracked 
| 638|0x00000000a7e00000, 0x00000000a7e00000, 0x00000000a7f00000|  0%| F|  |TAMS 0x00000000a7e00000, 0x00000000a7e00000| Untracked 
| 639|0x00000000a7f00000, 0x00000000a7f00000, 0x00000000a8000000|  0%| F|  |TAMS 0x00000000a7f00000, 0x00000000a7f00000| Untracked 
| 640|0x00000000a8000000, 0x00000000a8000000, 0x00000000a8100000|  0%| F|  |TAMS 0x00000000a8000000, 0x00000000a8000000| Untracked 
| 641|0x00000000a8100000, 0x00000000a8100000, 0x00000000a8200000|  0%| F|  |TAMS 0x00000000a8100000, 0x00000000a8100000| Untracked 
| 642|0x00000000a8200000, 0x00000000a8200000, 0x00000000a8300000|  0%| F|  |TAMS 0x00000000a8200000, 0x00000000a8200000| Untracked 
| 643|0x00000000a8300000, 0x00000000a8300000, 0x00000000a8400000|  0%| F|  |TAMS 0x00000000a8300000, 0x00000000a8300000| Untracked 
| 644|0x00000000a8400000, 0x00000000a8500000, 0x00000000a8500000|100%| S|CS|TAMS 0x00000000a8400000, 0x00000000a8400000| Complete 
| 645|0x00000000a8500000, 0x00000000a8600000, 0x00000000a8600000|100%| S|CS|TAMS 0x00000000a8500000, 0x00000000a8500000| Complete 
| 646|0x00000000a8600000, 0x00000000a8700000, 0x00000000a8700000|100%| S|CS|TAMS 0x00000000a8600000, 0x00000000a8600000| Complete 
| 647|0x00000000a8700000, 0x00000000a8800000, 0x00000000a8800000|100%| S|CS|TAMS 0x00000000a8700000, 0x00000000a8700000| Complete 
| 648|0x00000000a8800000, 0x00000000a8900000, 0x00000000a8900000|100%| S|CS|TAMS 0x00000000a8800000, 0x00000000a8800000| Complete 
| 649|0x00000000a8900000, 0x00000000a8a00000, 0x00000000a8a00000|100%| S|CS|TAMS 0x00000000a8900000, 0x00000000a8900000| Complete 
| 650|0x00000000a8a00000, 0x00000000a8b00000, 0x00000000a8b00000|100%| S|CS|TAMS 0x00000000a8a00000, 0x00000000a8a00000| Complete 
| 651|0x00000000a8b00000, 0x00000000a8c00000, 0x00000000a8c00000|100%| S|CS|TAMS 0x00000000a8b00000, 0x00000000a8b00000| Complete 
| 652|0x00000000a8c00000, 0x00000000a8d00000, 0x00000000a8d00000|100%| S|CS|TAMS 0x00000000a8c00000, 0x00000000a8c00000| Complete 
| 653|0x00000000a8d00000, 0x00000000a8e00000, 0x00000000a8e00000|100%| S|CS|TAMS 0x00000000a8d00000, 0x00000000a8d00000| Complete 
| 654|0x00000000a8e00000, 0x00000000a8f00000, 0x00000000a8f00000|100%| S|CS|TAMS 0x00000000a8e00000, 0x00000000a8e00000| Complete 
| 655|0x00000000a8f00000, 0x00000000a9000000, 0x00000000a9000000|100%| S|CS|TAMS 0x00000000a8f00000, 0x00000000a8f00000| Complete 
| 656|0x00000000a9000000, 0x00000000a9100000, 0x00000000a9100000|100%| S|CS|TAMS 0x00000000a9000000, 0x00000000a9000000| Complete 
| 657|0x00000000a9100000, 0x00000000a9200000, 0x00000000a9200000|100%| S|CS|TAMS 0x00000000a9100000, 0x00000000a9100000| Complete 
| 658|0x00000000a9200000, 0x00000000a9300000, 0x00000000a9300000|100%| S|CS|TAMS 0x00000000a9200000, 0x00000000a9200000| Complete 
| 659|0x00000000a9300000, 0x00000000a9400000, 0x00000000a9400000|100%| S|CS|TAMS 0x00000000a9300000, 0x00000000a9300000| Complete 
| 660|0x00000000a9400000, 0x00000000a9500000, 0x00000000a9500000|100%| S|CS|TAMS 0x00000000a9400000, 0x00000000a9400000| Complete 
| 661|0x00000000a9500000, 0x00000000a9600000, 0x00000000a9600000|100%| S|CS|TAMS 0x00000000a9500000, 0x00000000a9500000| Complete 
| 662|0x00000000a9600000, 0x00000000a9700000, 0x00000000a9700000|100%| S|CS|TAMS 0x00000000a9600000, 0x00000000a9600000| Complete 
| 663|0x00000000a9700000, 0x00000000a9800000, 0x00000000a9800000|100%| S|CS|TAMS 0x00000000a9700000, 0x00000000a9700000| Complete 
| 664|0x00000000a9800000, 0x00000000a9900000, 0x00000000a9900000|100%| S|CS|TAMS 0x00000000a9800000, 0x00000000a9800000| Complete 
| 665|0x00000000a9900000, 0x00000000a9a00000, 0x00000000a9a00000|100%| S|CS|TAMS 0x00000000a9900000, 0x00000000a9900000| Complete 
| 666|0x00000000a9a00000, 0x00000000a9a00000, 0x00000000a9b00000|  0%| F|  |TAMS 0x00000000a9a00000, 0x00000000a9a00000| Untracked 
| 667|0x00000000a9b00000, 0x00000000a9b00000, 0x00000000a9c00000|  0%| F|  |TAMS 0x00000000a9b00000, 0x00000000a9b00000| Untracked 
| 668|0x00000000a9c00000, 0x00000000a9c00000, 0x00000000a9d00000|  0%| F|  |TAMS 0x00000000a9c00000, 0x00000000a9c00000| Untracked 
| 669|0x00000000a9d00000, 0x00000000a9d00000, 0x00000000a9e00000|  0%| F|  |TAMS 0x00000000a9d00000, 0x00000000a9d00000| Untracked 
| 670|0x00000000a9e00000, 0x00000000a9e00000, 0x00000000a9f00000|  0%| F|  |TAMS 0x00000000a9e00000, 0x00000000a9e00000| Untracked 
| 671|0x00000000a9f00000, 0x00000000a9f00000, 0x00000000aa000000|  0%| F|  |TAMS 0x00000000a9f00000, 0x00000000a9f00000| Untracked 
| 672|0x00000000aa000000, 0x00000000aa000000, 0x00000000aa100000|  0%| F|  |TAMS 0x00000000aa000000, 0x00000000aa000000| Untracked 
| 673|0x00000000aa100000, 0x00000000aa100000, 0x00000000aa200000|  0%| F|  |TAMS 0x00000000aa100000, 0x00000000aa100000| Untracked 
| 674|0x00000000aa200000, 0x00000000aa200000, 0x00000000aa300000|  0%| F|  |TAMS 0x00000000aa200000, 0x00000000aa200000| Untracked 
| 675|0x00000000aa300000, 0x00000000aa300000, 0x00000000aa400000|  0%| F|  |TAMS 0x00000000aa300000, 0x00000000aa300000| Untracked 
| 676|0x00000000aa400000, 0x00000000aa400000, 0x00000000aa500000|  0%| F|  |TAMS 0x00000000aa400000, 0x00000000aa400000| Untracked 
| 677|0x00000000aa500000, 0x00000000aa500000, 0x00000000aa600000|  0%| F|  |TAMS 0x00000000aa500000, 0x00000000aa500000| Untracked 
| 678|0x00000000aa600000, 0x00000000aa600000, 0x00000000aa700000|  0%| F|  |TAMS 0x00000000aa600000, 0x00000000aa600000| Untracked 
| 679|0x00000000aa700000, 0x00000000aa700000, 0x00000000aa800000|  0%| F|  |TAMS 0x00000000aa700000, 0x00000000aa700000| Untracked 
| 680|0x00000000aa800000, 0x00000000aa800000, 0x00000000aa900000|  0%| F|  |TAMS 0x00000000aa800000, 0x00000000aa800000| Untracked 
| 681|0x00000000aa900000, 0x00000000aa900000, 0x00000000aaa00000|  0%| F|  |TAMS 0x00000000aa900000, 0x00000000aa900000| Untracked 
| 682|0x00000000aaa00000, 0x00000000aaa00000, 0x00000000aab00000|  0%| F|  |TAMS 0x00000000aaa00000, 0x00000000aaa00000| Untracked 
| 683|0x00000000aab00000, 0x00000000aab00000, 0x00000000aac00000|  0%| F|  |TAMS 0x00000000aab00000, 0x00000000aab00000| Untracked 
| 684|0x00000000aac00000, 0x00000000aac00000, 0x00000000aad00000|  0%| F|  |TAMS 0x00000000aac00000, 0x00000000aac00000| Untracked 
| 685|0x00000000aad00000, 0x00000000aad00000, 0x00000000aae00000|  0%| F|  |TAMS 0x00000000aad00000, 0x00000000aad00000| Untracked 
| 686|0x00000000aae00000, 0x00000000aae00000, 0x00000000aaf00000|  0%| F|  |TAMS 0x00000000aae00000, 0x00000000aae00000| Untracked 
| 687|0x00000000aaf00000, 0x00000000aaf00000, 0x00000000ab000000|  0%| F|  |TAMS 0x00000000aaf00000, 0x00000000aaf00000| Untracked 
| 688|0x00000000ab000000, 0x00000000ab000000, 0x00000000ab100000|  0%| F|  |TAMS 0x00000000ab000000, 0x00000000ab000000| Untracked 
| 689|0x00000000ab100000, 0x00000000ab100000, 0x00000000ab200000|  0%| F|  |TAMS 0x00000000ab100000, 0x00000000ab100000| Untracked 
| 690|0x00000000ab200000, 0x00000000ab200000, 0x00000000ab300000|  0%| F|  |TAMS 0x00000000ab200000, 0x00000000ab200000| Untracked 
| 691|0x00000000ab300000, 0x00000000ab300000, 0x00000000ab400000|  0%| F|  |TAMS 0x00000000ab300000, 0x00000000ab300000| Untracked 
| 692|0x00000000ab400000, 0x00000000ab400000, 0x00000000ab500000|  0%| F|  |TAMS 0x00000000ab400000, 0x00000000ab400000| Untracked 
| 693|0x00000000ab500000, 0x00000000ab500000, 0x00000000ab600000|  0%| F|  |TAMS 0x00000000ab500000, 0x00000000ab500000| Untracked 
| 694|0x00000000ab600000, 0x00000000ab600000, 0x00000000ab700000|  0%| F|  |TAMS 0x00000000ab600000, 0x00000000ab600000| Untracked 
| 695|0x00000000ab700000, 0x00000000ab700000, 0x00000000ab800000|  0%| F|  |TAMS 0x00000000ab700000, 0x00000000ab700000| Untracked 
| 696|0x00000000ab800000, 0x00000000ab800000, 0x00000000ab900000|  0%| F|  |TAMS 0x00000000ab800000, 0x00000000ab800000| Untracked 
| 697|0x00000000ab900000, 0x00000000ab900000, 0x00000000aba00000|  0%| F|  |TAMS 0x00000000ab900000, 0x00000000ab900000| Untracked 
| 698|0x00000000aba00000, 0x00000000aba00000, 0x00000000abb00000|  0%| F|  |TAMS 0x00000000aba00000, 0x00000000aba00000| Untracked 
| 699|0x00000000abb00000, 0x00000000abb00000, 0x00000000abc00000|  0%| F|  |TAMS 0x00000000abb00000, 0x00000000abb00000| Untracked 
| 700|0x00000000abc00000, 0x00000000abc00000, 0x00000000abd00000|  0%| F|  |TAMS 0x00000000abc00000, 0x00000000abc00000| Untracked 
| 701|0x00000000abd00000, 0x00000000abd00000, 0x00000000abe00000|  0%| F|  |TAMS 0x00000000abd00000, 0x00000000abd00000| Untracked 
| 702|0x00000000abe00000, 0x00000000abe00000, 0x00000000abf00000|  0%| F|  |TAMS 0x00000000abe00000, 0x00000000abe00000| Untracked 
| 703|0x00000000abf00000, 0x00000000abf00000, 0x00000000ac000000|  0%| F|  |TAMS 0x00000000abf00000, 0x00000000abf00000| Untracked 
| 704|0x00000000ac000000, 0x00000000ac000000, 0x00000000ac100000|  0%| F|  |TAMS 0x00000000ac000000, 0x00000000ac000000| Untracked 
| 705|0x00000000ac100000, 0x00000000ac100000, 0x00000000ac200000|  0%| F|  |TAMS 0x00000000ac100000, 0x00000000ac100000| Untracked 
| 706|0x00000000ac200000, 0x00000000ac200000, 0x00000000ac300000|  0%| F|  |TAMS 0x00000000ac200000, 0x00000000ac200000| Untracked 
| 707|0x00000000ac300000, 0x00000000ac300000, 0x00000000ac400000|  0%| F|  |TAMS 0x00000000ac300000, 0x00000000ac300000| Untracked 
| 708|0x00000000ac400000, 0x00000000ac400000, 0x00000000ac500000|  0%| F|  |TAMS 0x00000000ac400000, 0x00000000ac400000| Untracked 
| 709|0x00000000ac500000, 0x00000000ac500000, 0x00000000ac600000|  0%| F|  |TAMS 0x00000000ac500000, 0x00000000ac500000| Untracked 
| 710|0x00000000ac600000, 0x00000000ac600000, 0x00000000ac700000|  0%| F|  |TAMS 0x00000000ac600000, 0x00000000ac600000| Untracked 
| 711|0x00000000ac700000, 0x00000000ac700000, 0x00000000ac800000|  0%| F|  |TAMS 0x00000000ac700000, 0x00000000ac700000| Untracked 
| 712|0x00000000ac800000, 0x00000000ac800000, 0x00000000ac900000|  0%| F|  |TAMS 0x00000000ac800000, 0x00000000ac800000| Untracked 
| 713|0x00000000ac900000, 0x00000000ac900000, 0x00000000aca00000|  0%| F|  |TAMS 0x00000000ac900000, 0x00000000ac900000| Untracked 
| 714|0x00000000aca00000, 0x00000000aca00000, 0x00000000acb00000|  0%| F|  |TAMS 0x00000000aca00000, 0x00000000aca00000| Untracked 
| 715|0x00000000acb00000, 0x00000000acb00000, 0x00000000acc00000|  0%| F|  |TAMS 0x00000000acb00000, 0x00000000acb00000| Untracked 
| 716|0x00000000acc00000, 0x00000000acc00000, 0x00000000acd00000|  0%| F|  |TAMS 0x00000000acc00000, 0x00000000acc00000| Untracked 
| 717|0x00000000acd00000, 0x00000000acd00000, 0x00000000ace00000|  0%| F|  |TAMS 0x00000000acd00000, 0x00000000acd00000| Untracked 
| 718|0x00000000ace00000, 0x00000000ace00000, 0x00000000acf00000|  0%| F|  |TAMS 0x00000000ace00000, 0x00000000ace00000| Untracked 
| 719|0x00000000acf00000, 0x00000000acf00000, 0x00000000ad000000|  0%| F|  |TAMS 0x00000000acf00000, 0x00000000acf00000| Untracked 
| 720|0x00000000ad000000, 0x00000000ad000000, 0x00000000ad100000|  0%| F|  |TAMS 0x00000000ad000000, 0x00000000ad000000| Untracked 
| 721|0x00000000ad100000, 0x00000000ad100000, 0x00000000ad200000|  0%| F|  |TAMS 0x00000000ad100000, 0x00000000ad100000| Untracked 
| 722|0x00000000ad200000, 0x00000000ad200000, 0x00000000ad300000|  0%| F|  |TAMS 0x00000000ad200000, 0x00000000ad200000| Untracked 
| 723|0x00000000ad300000, 0x00000000ad300000, 0x00000000ad400000|  0%| F|  |TAMS 0x00000000ad300000, 0x00000000ad300000| Untracked 
| 724|0x00000000ad400000, 0x00000000ad400000, 0x00000000ad500000|  0%| F|  |TAMS 0x00000000ad400000, 0x00000000ad400000| Untracked 
| 725|0x00000000ad500000, 0x00000000ad500000, 0x00000000ad600000|  0%| F|  |TAMS 0x00000000ad500000, 0x00000000ad500000| Untracked 
| 726|0x00000000ad600000, 0x00000000ad600000, 0x00000000ad700000|  0%| F|  |TAMS 0x00000000ad600000, 0x00000000ad600000| Untracked 
| 727|0x00000000ad700000, 0x00000000ad700000, 0x00000000ad800000|  0%| F|  |TAMS 0x00000000ad700000, 0x00000000ad700000| Untracked 
| 728|0x00000000ad800000, 0x00000000ad800000, 0x00000000ad900000|  0%| F|  |TAMS 0x00000000ad800000, 0x00000000ad800000| Untracked 
| 729|0x00000000ad900000, 0x00000000ad900000, 0x00000000ada00000|  0%| F|  |TAMS 0x00000000ad900000, 0x00000000ad900000| Untracked 
| 730|0x00000000ada00000, 0x00000000ada00000, 0x00000000adb00000|  0%| F|  |TAMS 0x00000000ada00000, 0x00000000ada00000| Untracked 
| 731|0x00000000adb00000, 0x00000000adb00000, 0x00000000adc00000|  0%| F|  |TAMS 0x00000000adb00000, 0x00000000adb00000| Untracked 
| 732|0x00000000adc00000, 0x00000000adc00000, 0x00000000add00000|  0%| F|  |TAMS 0x00000000adc00000, 0x00000000adc00000| Untracked 
| 733|0x00000000add00000, 0x00000000add00000, 0x00000000ade00000|  0%| F|  |TAMS 0x00000000add00000, 0x00000000add00000| Untracked 
| 734|0x00000000ade00000, 0x00000000ade00000, 0x00000000adf00000|  0%| F|  |TAMS 0x00000000ade00000, 0x00000000ade00000| Untracked 
| 735|0x00000000adf00000, 0x00000000adf00000, 0x00000000ae000000|  0%| F|  |TAMS 0x00000000adf00000, 0x00000000adf00000| Untracked 
| 736|0x00000000ae000000, 0x00000000ae000000, 0x00000000ae100000|  0%| F|  |TAMS 0x00000000ae000000, 0x00000000ae000000| Untracked 
| 737|0x00000000ae100000, 0x00000000ae100000, 0x00000000ae200000|  0%| F|  |TAMS 0x00000000ae100000, 0x00000000ae100000| Untracked 
| 738|0x00000000ae200000, 0x00000000ae200000, 0x00000000ae300000|  0%| F|  |TAMS 0x00000000ae200000, 0x00000000ae200000| Untracked 
| 739|0x00000000ae300000, 0x00000000ae300000, 0x00000000ae400000|  0%| F|  |TAMS 0x00000000ae300000, 0x00000000ae300000| Untracked 
| 740|0x00000000ae400000, 0x00000000ae400000, 0x00000000ae500000|  0%| F|  |TAMS 0x00000000ae400000, 0x00000000ae400000| Untracked 
| 741|0x00000000ae500000, 0x00000000ae500000, 0x00000000ae600000|  0%| F|  |TAMS 0x00000000ae500000, 0x00000000ae500000| Untracked 
| 742|0x00000000ae600000, 0x00000000ae600000, 0x00000000ae700000|  0%| F|  |TAMS 0x00000000ae600000, 0x00000000ae600000| Untracked 
| 743|0x00000000ae700000, 0x00000000ae700000, 0x00000000ae800000|  0%| F|  |TAMS 0x00000000ae700000, 0x00000000ae700000| Untracked 
| 744|0x00000000ae800000, 0x00000000ae800000, 0x00000000ae900000|  0%| F|  |TAMS 0x00000000ae800000, 0x00000000ae800000| Untracked 
| 745|0x00000000ae900000, 0x00000000ae900000, 0x00000000aea00000|  0%| F|  |TAMS 0x00000000ae900000, 0x00000000ae900000| Untracked 
| 746|0x00000000aea00000, 0x00000000aea00000, 0x00000000aeb00000|  0%| F|  |TAMS 0x00000000aea00000, 0x00000000aea00000| Untracked 
| 747|0x00000000aeb00000, 0x00000000aeb00000, 0x00000000aec00000|  0%| F|  |TAMS 0x00000000aeb00000, 0x00000000aeb00000| Untracked 
| 748|0x00000000aec00000, 0x00000000aec00000, 0x00000000aed00000|  0%| F|  |TAMS 0x00000000aec00000, 0x00000000aec00000| Untracked 
| 749|0x00000000aed00000, 0x00000000aed00000, 0x00000000aee00000|  0%| F|  |TAMS 0x00000000aed00000, 0x00000000aed00000| Untracked 
| 750|0x00000000aee00000, 0x00000000aee00000, 0x00000000aef00000|  0%| F|  |TAMS 0x00000000aee00000, 0x00000000aee00000| Untracked 
| 751|0x00000000aef00000, 0x00000000aef00000, 0x00000000af000000|  0%| F|  |TAMS 0x00000000aef00000, 0x00000000aef00000| Untracked 
| 752|0x00000000af000000, 0x00000000af000000, 0x00000000af100000|  0%| F|  |TAMS 0x00000000af000000, 0x00000000af000000| Untracked 
| 753|0x00000000af100000, 0x00000000af100000, 0x00000000af200000|  0%| F|  |TAMS 0x00000000af100000, 0x00000000af100000| Untracked 
| 754|0x00000000af200000, 0x00000000af200000, 0x00000000af300000|  0%| F|  |TAMS 0x00000000af200000, 0x00000000af200000| Untracked 
| 755|0x00000000af300000, 0x00000000af300000, 0x00000000af400000|  0%| F|  |TAMS 0x00000000af300000, 0x00000000af300000| Untracked 
| 756|0x00000000af400000, 0x00000000af400000, 0x00000000af500000|  0%| F|  |TAMS 0x00000000af400000, 0x00000000af400000| Untracked 
| 757|0x00000000af500000, 0x00000000af500000, 0x00000000af600000|  0%| F|  |TAMS 0x00000000af500000, 0x00000000af500000| Untracked 
| 758|0x00000000af600000, 0x00000000af600000, 0x00000000af700000|  0%| F|  |TAMS 0x00000000af600000, 0x00000000af600000| Untracked 
| 759|0x00000000af700000, 0x00000000af700000, 0x00000000af800000|  0%| F|  |TAMS 0x00000000af700000, 0x00000000af700000| Untracked 
| 760|0x00000000af800000, 0x00000000af800000, 0x00000000af900000|  0%| F|  |TAMS 0x00000000af800000, 0x00000000af800000| Untracked 
| 761|0x00000000af900000, 0x00000000af900000, 0x00000000afa00000|  0%| F|  |TAMS 0x00000000af900000, 0x00000000af900000| Untracked 
| 762|0x00000000afa00000, 0x00000000afa00000, 0x00000000afb00000|  0%| F|  |TAMS 0x00000000afa00000, 0x00000000afa00000| Untracked 
| 763|0x00000000afb00000, 0x00000000afb00000, 0x00000000afc00000|  0%| F|  |TAMS 0x00000000afb00000, 0x00000000afb00000| Untracked 
| 764|0x00000000afc00000, 0x00000000afc00000, 0x00000000afd00000|  0%| F|  |TAMS 0x00000000afc00000, 0x00000000afc00000| Untracked 
| 765|0x00000000afd00000, 0x00000000afd00000, 0x00000000afe00000|  0%| F|  |TAMS 0x00000000afd00000, 0x00000000afd00000| Untracked 
| 766|0x00000000afe00000, 0x00000000afe00000, 0x00000000aff00000|  0%| F|  |TAMS 0x00000000afe00000, 0x00000000afe00000| Untracked 
| 767|0x00000000aff00000, 0x00000000aff00000, 0x00000000b0000000|  0%| F|  |TAMS 0x00000000aff00000, 0x00000000aff00000| Untracked 
| 768|0x00000000b0000000, 0x00000000b0000000, 0x00000000b0100000|  0%| F|  |TAMS 0x00000000b0000000, 0x00000000b0000000| Untracked 
| 769|0x00000000b0100000, 0x00000000b0100000, 0x00000000b0200000|  0%| F|  |TAMS 0x00000000b0100000, 0x00000000b0100000| Untracked 
| 770|0x00000000b0200000, 0x00000000b0200000, 0x00000000b0300000|  0%| F|  |TAMS 0x00000000b0200000, 0x00000000b0200000| Untracked 
| 771|0x00000000b0300000, 0x00000000b0300000, 0x00000000b0400000|  0%| F|  |TAMS 0x00000000b0300000, 0x00000000b0300000| Untracked 
| 772|0x00000000b0400000, 0x00000000b0400000, 0x00000000b0500000|  0%| F|  |TAMS 0x00000000b0400000, 0x00000000b0400000| Untracked 
| 773|0x00000000b0500000, 0x00000000b0500000, 0x00000000b0600000|  0%| F|  |TAMS 0x00000000b0500000, 0x00000000b0500000| Untracked 
| 774|0x00000000b0600000, 0x00000000b0600000, 0x00000000b0700000|  0%| F|  |TAMS 0x00000000b0600000, 0x00000000b0600000| Untracked 
| 775|0x00000000b0700000, 0x00000000b0700000, 0x00000000b0800000|  0%| F|  |TAMS 0x00000000b0700000, 0x00000000b0700000| Untracked 
| 776|0x00000000b0800000, 0x00000000b0800000, 0x00000000b0900000|  0%| F|  |TAMS 0x00000000b0800000, 0x00000000b0800000| Untracked 
| 777|0x00000000b0900000, 0x00000000b0900000, 0x00000000b0a00000|  0%| F|  |TAMS 0x00000000b0900000, 0x00000000b0900000| Untracked 
| 778|0x00000000b0a00000, 0x00000000b0a00000, 0x00000000b0b00000|  0%| F|  |TAMS 0x00000000b0a00000, 0x00000000b0a00000| Untracked 
| 779|0x00000000b0b00000, 0x00000000b0b00000, 0x00000000b0c00000|  0%| F|  |TAMS 0x00000000b0b00000, 0x00000000b0b00000| Untracked 
| 780|0x00000000b0c00000, 0x00000000b0c00000, 0x00000000b0d00000|  0%| F|  |TAMS 0x00000000b0c00000, 0x00000000b0c00000| Untracked 
| 781|0x00000000b0d00000, 0x00000000b0d00000, 0x00000000b0e00000|  0%| F|  |TAMS 0x00000000b0d00000, 0x00000000b0d00000| Untracked 
| 782|0x00000000b0e00000, 0x00000000b0e00000, 0x00000000b0f00000|  0%| F|  |TAMS 0x00000000b0e00000, 0x00000000b0e00000| Untracked 
| 783|0x00000000b0f00000, 0x00000000b0f00000, 0x00000000b1000000|  0%| F|  |TAMS 0x00000000b0f00000, 0x00000000b0f00000| Untracked 
| 784|0x00000000b1000000, 0x00000000b1000000, 0x00000000b1100000|  0%| F|  |TAMS 0x00000000b1000000, 0x00000000b1000000| Untracked 
| 785|0x00000000b1100000, 0x00000000b1100000, 0x00000000b1200000|  0%| F|  |TAMS 0x00000000b1100000, 0x00000000b1100000| Untracked 
| 786|0x00000000b1200000, 0x00000000b1200000, 0x00000000b1300000|  0%| F|  |TAMS 0x00000000b1200000, 0x00000000b1200000| Untracked 
| 787|0x00000000b1300000, 0x00000000b1300000, 0x00000000b1400000|  0%| F|  |TAMS 0x00000000b1300000, 0x00000000b1300000| Untracked 
| 788|0x00000000b1400000, 0x00000000b1400000, 0x00000000b1500000|  0%| F|  |TAMS 0x00000000b1400000, 0x00000000b1400000| Untracked 
| 789|0x00000000b1500000, 0x00000000b1500000, 0x00000000b1600000|  0%| F|  |TAMS 0x00000000b1500000, 0x00000000b1500000| Untracked 
| 790|0x00000000b1600000, 0x00000000b1600000, 0x00000000b1700000|  0%| F|  |TAMS 0x00000000b1600000, 0x00000000b1600000| Untracked 
| 791|0x00000000b1700000, 0x00000000b1700000, 0x00000000b1800000|  0%| F|  |TAMS 0x00000000b1700000, 0x00000000b1700000| Untracked 
| 792|0x00000000b1800000, 0x00000000b1800000, 0x00000000b1900000|  0%| F|  |TAMS 0x00000000b1800000, 0x00000000b1800000| Untracked 
| 793|0x00000000b1900000, 0x00000000b1900000, 0x00000000b1a00000|  0%| F|  |TAMS 0x00000000b1900000, 0x00000000b1900000| Untracked 
| 794|0x00000000b1a00000, 0x00000000b1a00000, 0x00000000b1b00000|  0%| F|  |TAMS 0x00000000b1a00000, 0x00000000b1a00000| Untracked 
| 795|0x00000000b1b00000, 0x00000000b1b00000, 0x00000000b1c00000|  0%| F|  |TAMS 0x00000000b1b00000, 0x00000000b1b00000| Untracked 
| 796|0x00000000b1c00000, 0x00000000b1c00000, 0x00000000b1d00000|  0%| F|  |TAMS 0x00000000b1c00000, 0x00000000b1c00000| Untracked 
| 797|0x00000000b1d00000, 0x00000000b1d00000, 0x00000000b1e00000|  0%| F|  |TAMS 0x00000000b1d00000, 0x00000000b1d00000| Untracked 
| 798|0x00000000b1e00000, 0x00000000b1e00000, 0x00000000b1f00000|  0%| F|  |TAMS 0x00000000b1e00000, 0x00000000b1e00000| Untracked 
| 799|0x00000000b1f00000, 0x00000000b1f00000, 0x00000000b2000000|  0%| F|  |TAMS 0x00000000b1f00000, 0x00000000b1f00000| Untracked 
| 800|0x00000000b2000000, 0x00000000b2000000, 0x00000000b2100000|  0%| F|  |TAMS 0x00000000b2000000, 0x00000000b2000000| Untracked 
| 801|0x00000000b2100000, 0x00000000b2100000, 0x00000000b2200000|  0%| F|  |TAMS 0x00000000b2100000, 0x00000000b2100000| Untracked 
| 802|0x00000000b2200000, 0x00000000b2200000, 0x00000000b2300000|  0%| F|  |TAMS 0x00000000b2200000, 0x00000000b2200000| Untracked 
| 803|0x00000000b2300000, 0x00000000b2300000, 0x00000000b2400000|  0%| F|  |TAMS 0x00000000b2300000, 0x00000000b2300000| Untracked 
| 804|0x00000000b2400000, 0x00000000b2400000, 0x00000000b2500000|  0%| F|  |TAMS 0x00000000b2400000, 0x00000000b2400000| Untracked 
| 805|0x00000000b2500000, 0x00000000b2500000, 0x00000000b2600000|  0%| F|  |TAMS 0x00000000b2500000, 0x00000000b2500000| Untracked 
| 806|0x00000000b2600000, 0x00000000b2600000, 0x00000000b2700000|  0%| F|  |TAMS 0x00000000b2600000, 0x00000000b2600000| Untracked 
| 807|0x00000000b2700000, 0x00000000b2700000, 0x00000000b2800000|  0%| F|  |TAMS 0x00000000b2700000, 0x00000000b2700000| Untracked 
| 808|0x00000000b2800000, 0x00000000b2800000, 0x00000000b2900000|  0%| F|  |TAMS 0x00000000b2800000, 0x00000000b2800000| Untracked 
| 809|0x00000000b2900000, 0x00000000b2900000, 0x00000000b2a00000|  0%| F|  |TAMS 0x00000000b2900000, 0x00000000b2900000| Untracked 
|2015|0x00000000fdf00000, 0x00000000fe000000, 0x00000000fe000000|100%| O|  |TAMS 0x00000000fdf00000, 0x00000000fdf00000| Untracked 
|2016|0x00000000fe000000, 0x00000000fe100000, 0x00000000fe100000|100%| O|  |TAMS 0x00000000fe000000, 0x00000000fe000000| Untracked 
|2017|0x00000000fe100000, 0x00000000fe200000, 0x00000000fe200000|100%| O|  |TAMS 0x00000000fe100000, 0x00000000fe100000| Untracked 
|2018|0x00000000fe200000, 0x00000000fe300000, 0x00000000fe300000|100%| O|  |TAMS 0x00000000fe200000, 0x00000000fe200000| Untracked 
|2019|0x00000000fe300000, 0x00000000fe400000, 0x00000000fe400000|100%| O|  |TAMS 0x00000000fe300000, 0x00000000fe300000| Untracked 
|2020|0x00000000fe400000, 0x00000000fe500000, 0x00000000fe500000|100%| O|  |TAMS 0x00000000fe400000, 0x00000000fe400000| Untracked 
|2021|0x00000000fe500000, 0x00000000fe600000, 0x00000000fe600000|100%| O|  |TAMS 0x00000000fe500000, 0x00000000fe500000| Untracked 
|2022|0x00000000fe600000, 0x00000000fe700000, 0x00000000fe700000|100%| O|  |TAMS 0x00000000fe600000, 0x00000000fe600000| Untracked 
|2023|0x00000000fe700000, 0x00000000fe800000, 0x00000000fe800000|100%| O|  |TAMS 0x00000000fe700000, 0x00000000fe700000| Untracked 
|2024|0x00000000fe800000, 0x00000000fe900000, 0x00000000fe900000|100%| O|  |TAMS 0x00000000fe800000, 0x00000000fe800000| Untracked 
|2025|0x00000000fe900000, 0x00000000fea00000, 0x00000000fea00000|100%| O|  |TAMS 0x00000000fe900000, 0x00000000fe900000| Untracked 
|2026|0x00000000fea00000, 0x00000000feb00000, 0x00000000feb00000|100%| O|  |TAMS 0x00000000fea00000, 0x00000000fea00000| Untracked 
|2027|0x00000000feb00000, 0x00000000fec00000, 0x00000000fec00000|100%| O|  |TAMS 0x00000000feb00000, 0x00000000feb00000| Untracked 
|2028|0x00000000fec00000, 0x00000000fed00000, 0x00000000fed00000|100%| O|  |TAMS 0x00000000fec00000, 0x00000000fec00000| Untracked 
|2029|0x00000000fed00000, 0x00000000fee00000, 0x00000000fee00000|100%| O|  |TAMS 0x00000000fed00000, 0x00000000fed00000| Untracked 
|2030|0x00000000fee00000, 0x00000000fef00000, 0x00000000fef00000|100%| O|  |TAMS 0x00000000fee00000, 0x00000000fee00000| Untracked 
|2031|0x00000000fef00000, 0x00000000ff000000, 0x00000000ff000000|100%| O|  |TAMS 0x00000000fef00000, 0x00000000fef00000| Untracked 
|2032|0x00000000ff000000, 0x00000000ff100000, 0x00000000ff100000|100%| O|  |TAMS 0x00000000ff000000, 0x00000000ff000000| Untracked 
|2033|0x00000000ff100000, 0x00000000ff200000, 0x00000000ff200000|100%| O|  |TAMS 0x00000000ff100000, 0x00000000ff100000| Untracked 
|2034|0x00000000ff200000, 0x00000000ff300000, 0x00000000ff300000|100%| O|  |TAMS 0x00000000ff200000, 0x00000000ff200000| Untracked 
|2035|0x00000000ff300000, 0x00000000ff400000, 0x00000000ff400000|100%| O|  |TAMS 0x00000000ff300000, 0x00000000ff300000| Untracked 
|2036|0x00000000ff400000, 0x00000000ff500000, 0x00000000ff500000|100%| O|  |TAMS 0x00000000ff400000, 0x00000000ff400000| Untracked 
|2037|0x00000000ff500000, 0x00000000ff600000, 0x00000000ff600000|100%| O|  |TAMS 0x00000000ff500000, 0x00000000ff500000| Untracked 
|2038|0x00000000ff600000, 0x00000000ff700000, 0x00000000ff700000|100%| O|  |TAMS 0x00000000ff600000, 0x00000000ff600000| Untracked 
|2039|0x00000000ff700000, 0x00000000ff800000, 0x00000000ff800000|100%| O|  |TAMS 0x00000000ff700000, 0x00000000ff700000| Untracked 
|2040|0x00000000ff800000, 0x00000000ff900000, 0x00000000ff900000|100%| O|  |TAMS 0x00000000ff800000, 0x00000000ff800000| Untracked 
|2041|0x00000000ff900000, 0x00000000ffa00000, 0x00000000ffa00000|100%| O|  |TAMS 0x00000000ff900000, 0x00000000ff900000| Untracked 
|2042|0x00000000ffa00000, 0x00000000ffb00000, 0x00000000ffb00000|100%| O|  |TAMS 0x00000000ffa00000, 0x00000000ffa00000| Untracked 
|2043|0x00000000ffb00000, 0x00000000ffc00000, 0x00000000ffc00000|100%| O|  |TAMS 0x00000000ffb00000, 0x00000000ffb00000| Untracked 
|2044|0x00000000ffc00000, 0x00000000ffd00000, 0x00000000ffd00000|100%| O|  |TAMS 0x00000000ffc00000, 0x00000000ffc00000| Untracked 
|2045|0x00000000ffd00000, 0x00000000ffe00000, 0x00000000ffe00000|100%| O|  |TAMS 0x00000000ffd00000, 0x00000000ffd00000| Untracked 
|2046|0x00000000ffe00000, 0x00000000fff00000, 0x00000000fff00000|100%| O|  |TAMS 0x00000000ffe00000, 0x00000000ffe00000| Untracked 
|2047|0x00000000fff00000, 0x0000000100000000, 0x0000000100000000|100%| O|  |TAMS 0x0000000100000000, 0x00000000fff00000| Untracked 

Card table byte_map: [0x000001fb50a20000,0x000001fb50e20000] _byte_map_base: 0x000001fb50620000

Marking Bits (Prev, Next): (CMBitMap*) 0x000001fb3728cd30, (CMBitMap*) 0x000001fb3728cd70
 Prev Bits: [0x000001fb51220000, 0x000001fb53220000)
 Next Bits: [0x000001fb53220000, 0x000001fb55220000)

Polling page: 0x000001fb37050000

Metaspace:

Usage:
  Non-class:    181.04 MB used.
      Class:     27.53 MB used.
       Both:    208.56 MB used.

Virtual space:
  Non-class space:      192.00 MB reserved,     181.62 MB ( 95%) committed,  3 nodes.
      Class space:        1.00 GB reserved,      28.12 MB (  3%) committed,  1 nodes.
             Both:        1.19 GB reserved,     209.75 MB ( 17%) committed. 

Chunk freelists:
   Non-Class:  9.97 MB
       Class:  3.86 MB
        Both:  13.83 MB

MaxMetaspaceSize: unlimited
CompressedClassSpaceSize: 1.00 GB
Initial GC threshold: 21.00 MB
Current GC threshold: 309.06 MB
CDS: on
MetaspaceReclaimPolicy: balanced
 - commit_granule_bytes: 65536.
 - commit_granule_words: 8192.
 - virtual_space_node_default_size: 8388608.
 - enlarge_chunks_in_place: 1.
 - new_chunks_are_fully_committed: 0.
 - uncommit_free_chunks: 1.
 - use_allocation_guard: 0.
 - handle_deallocations: 1.


Internal statistics:

num_allocs_failed_limit: 12.
num_arena_births: 1928.
num_arena_deaths: 102.
num_vsnodes_births: 4.
num_vsnodes_deaths: 0.
num_space_committed: 3351.
num_space_uncommitted: 0.
num_chunks_returned_to_freelist: 158.
num_chunks_taken_from_freelist: 10331.
num_chunk_merges: 53.
num_chunk_splits: 7563.
num_chunks_enlarged: 5780.
num_inconsistent_stats: 0.

CodeHeap 'non-profiled nmethods': size=119168Kb used=8534Kb max_used=8575Kb free=110633Kb
 bounds [0x000001fb481e0000, 0x000001fb48a60000, 0x000001fb4f640000]
CodeHeap 'profiled nmethods': size=119104Kb used=51412Kb max_used=51412Kb free=67691Kb
 bounds [0x000001fb40640000, 0x000001fb43880000, 0x000001fb47a90000]
CodeHeap 'non-nmethods': size=7488Kb used=2560Kb max_used=3657Kb free=4927Kb
 bounds [0x000001fb47a90000, 0x000001fb47e40000, 0x000001fb481e0000]
 total_blobs=25918 nmethods=24792 adapters=1034
 compilation: enabled
              stopped_count=0, restarted_count=0
 full_count=0

Compilation events (20 events):
Event: 52.915 Thread 0x000001fb58319480 29352       2       com.android.tools.r8.graph.o4$$Lambda$5437/0x000001fb5bbe2c20::test (12 bytes)
Event: 52.915 Thread 0x000001fb9e87f2b0 29353       2       com.android.tools.r8.graph.o4::a (38 bytes)
Event: 52.916 Thread 0x000001fb58319480 nmethod 29352 0x000001fb4386f710 code [0x000001fb4386f8c0, 0x000001fb4386fa28]
Event: 52.916 Thread 0x000001fb58319480 29354       2       com.android.builder.dexing.r8.CachingArchiveClassFileProvider::getProgramResource (18 bytes)
Event: 52.916 Thread 0x000001fb9e87f2b0 nmethod 29353 0x000001fb4386fb10 code [0x000001fb4386fcc0, 0x000001fb4386fea8]
Event: 52.916 Thread 0x000001fb9e87f2b0 29355       2       com.android.builder.dexing.r8.CachingArchiveClassFileProvider$$Lambda$5438/0x000001fb5bbe2e70::<init> (10 bytes)
Event: 52.916 Thread 0x000001fb9e87f2b0 nmethod 29355 0x000001fb43870010 code [0x000001fb438701a0, 0x000001fb438702f8]
Event: 52.916 Thread 0x000001fb9e87f2b0 29356       2       com.android.builder.dexing.r8.CachingArchiveClassFileProvider$$Lambda$5438/0x000001fb5bbe2e70::apply (12 bytes)
Event: 52.916 Thread 0x000001fb58319480 nmethod 29354 0x000001fb43870390 code [0x000001fb43870560, 0x000001fb438707b8]
Event: 52.916 Thread 0x000001fb9e87f2b0 nmethod 29356 0x000001fb43870990 code [0x000001fb43870b40, 0x000001fb43870ca8]
Event: 52.916 Thread 0x000001fb58319480 29357       2       com.android.builder.dexing.r8.CachingArchiveClassFileProvider::lambda$getProgramResource$0 (6 bytes)
Event: 52.916 Thread 0x000001fb9e87f2b0 29358   !   2       com.android.tools.r8.ArchiveClassFileProvider::getProgramResource (133 bytes)
Event: 52.916 Thread 0x000001fb58319480 nmethod 29357 0x000001fb43870d90 code [0x000001fb43870f40, 0x000001fb43871068]
Event: 52.916 Thread 0x000001fb58319480 29359       2       com.android.tools.r8.ArchiveClassFileProvider::b (19 bytes)
Event: 52.918 Thread 0x000001fb58319480 nmethod 29359 0x000001fb43871110 code [0x000001fb43871360, 0x000001fb43871938]
Event: 52.919 Thread 0x000001fb9e87f2b0 nmethod 29358 0x000001fb43871d90 code [0x000001fb43872120, 0x000001fb43873118]
Event: 52.935 Thread 0x000001fb58319480 29360 %     3       kotlin.collections.builders.MapBuilder::rehash @ 63 (94 bytes)
Event: 52.938 Thread 0x000001fb58319480 nmethod 29360% 0x000001fb43873b10 code [0x000001fb43873de0, 0x000001fb43874c68]
Event: 52.938 Thread 0x000001fb58319480 29361       3       kotlin.collections.builders.MapBuilder::rehash (94 bytes)
Event: 52.939 Thread 0x000001fb58319480 nmethod 29361 0x000001fb43875210 code [0x000001fb438754e0, 0x000001fb438762e8]

GC Heap History (20 events):
Event: 48.286 GC heap after
{Heap after GC invocations=92 (full 0):
 garbage-first heap   total 370688K, used 247807K [0x0000000080000000, 0x0000000100000000)
  region size 1024K, 17 young (17408K), 17 survivors (17408K)
 Metaspace       used 187653K, committed 188736K, reserved 1245184K
  class space    used 24904K, committed 25472K, reserved 1048576K
}
Event: 48.546 GC heap before
{Heap before GC invocations=93 (full 0):
 garbage-first heap   total 573440K, used 378879K [0x0000000080000000, 0x0000000100000000)
  region size 1024K, 78 young (79872K), 17 survivors (17408K)
 Metaspace       used 189443K, committed 190592K, reserved 1245184K
  class space    used 25068K, committed 25664K, reserved 1048576K
}
Event: 48.554 GC heap after
{Heap after GC invocations=94 (full 0):
 garbage-first heap   total 573440K, used 207286K [0x0000000080000000, 0x0000000100000000)
  region size 1024K, 3 young (3072K), 3 survivors (3072K)
 Metaspace       used 189443K, committed 190592K, reserved 1245184K
  class space    used 25068K, committed 25664K, reserved 1048576K
}
Event: 48.585 GC heap before
{Heap before GC invocations=94 (full 0):
 garbage-first heap   total 573440K, used 231862K [0x0000000080000000, 0x0000000100000000)
  region size 1024K, 28 young (28672K), 3 survivors (3072K)
 Metaspace       used 189784K, committed 190912K, reserved 1245184K
  class space    used 25095K, committed 25664K, reserved 1048576K
}
Event: 48.589 GC heap after
{Heap after GC invocations=95 (full 0):
 garbage-first heap   total 573440K, used 201840K [0x0000000080000000, 0x0000000100000000)
  region size 1024K, 1 young (1024K), 1 survivors (1024K)
 Metaspace       used 189784K, committed 190912K, reserved 1245184K
  class space    used 25095K, committed 25664K, reserved 1048576K
}
Event: 48.930 GC heap before
{Heap before GC invocations=95 (full 0):
 garbage-first heap   total 573440K, used 410736K [0x0000000080000000, 0x0000000100000000)
  region size 1024K, 206 young (210944K), 1 survivors (1024K)
 Metaspace       used 193523K, committed 194688K, reserved 1245184K
  class space    used 25525K, committed 26112K, reserved 1048576K
}
Event: 48.934 GC heap after
{Heap after GC invocations=96 (full 0):
 garbage-first heap   total 832512K, used 202013K [0x0000000080000000, 0x0000000100000000)
  region size 1024K, 1 young (1024K), 1 survivors (1024K)
 Metaspace       used 193523K, committed 194688K, reserved 1245184K
  class space    used 25525K, committed 26112K, reserved 1048576K
}
Event: 49.938 GC heap before
{Heap before GC invocations=96 (full 0):
 garbage-first heap   total 832512K, used 677149K [0x0000000080000000, 0x0000000100000000)
  region size 1024K, 463 young (474112K), 1 survivors (1024K)
 Metaspace       used 202778K, committed 203968K, reserved 1245184K
  class space    used 26540K, committed 27136K, reserved 1048576K
}
Event: 49.945 GC heap after
{Heap after GC invocations=97 (full 0):
 garbage-first heap   total 832512K, used 213862K [0x0000000080000000, 0x0000000100000000)
  region size 1024K, 13 young (13312K), 13 survivors (13312K)
 Metaspace       used 202778K, committed 203968K, reserved 1245184K
  class space    used 26540K, committed 27136K, reserved 1048576K
}
Event: 51.196 GC heap before
{Heap before GC invocations=97 (full 0):
 garbage-first heap   total 832512K, used 695142K [0x0000000080000000, 0x0000000100000000)
  region size 1024K, 478 young (489472K), 13 survivors (13312K)
 Metaspace       used 210337K, committed 211456K, reserved 1245184K
  class space    used 27842K, committed 28416K, reserved 1048576K
}
Event: 51.260 GC heap after
{Heap after GC invocations=98 (full 0):
 garbage-first heap   total 863232K, used 366913K [0x0000000080000000, 0x0000000100000000)
  region size 1024K, 60 young (61440K), 60 survivors (61440K)
 Metaspace       used 210337K, committed 211456K, reserved 1245184K
  class space    used 27842K, committed 28416K, reserved 1048576K
}
Event: 51.660 GC heap before
{Heap before GC invocations=98 (full 0):
 garbage-first heap   total 863232K, used 649537K [0x0000000080000000, 0x0000000100000000)
  region size 1024K, 331 young (338944K), 60 survivors (61440K)
 Metaspace       used 211716K, committed 212864K, reserved 1245184K
  class space    used 27978K, committed 28544K, reserved 1048576K
}
Event: 51.695 GC heap after
{Heap after GC invocations=99 (full 0):
 garbage-first heap   total 863232K, used 413466K [0x0000000080000000, 0x0000000100000000)
  region size 1024K, 42 young (43008K), 42 survivors (43008K)
 Metaspace       used 211716K, committed 212864K, reserved 1245184K
  class space    used 27978K, committed 28544K, reserved 1048576K
}
Event: 51.992 GC heap before
{Heap before GC invocations=99 (full 0):
 garbage-first heap   total 863232K, used 664346K [0x0000000080000000, 0x0000000100000000)
  region size 1024K, 286 young (292864K), 42 survivors (43008K)
 Metaspace       used 213388K, committed 214528K, reserved 1245184K
  class space    used 28178K, committed 28736K, reserved 1048576K
}
Event: 52.035 GC heap after
{Heap after GC invocations=100 (full 0):
 garbage-first heap   total 863232K, used 467967K [0x0000000080000000, 0x0000000100000000)
  region size 1024K, 36 young (36864K), 36 survivors (36864K)
 Metaspace       used 213388K, committed 214528K, reserved 1245184K
  class space    used 28178K, committed 28736K, reserved 1048576K
}
Event: 52.287 GC heap before
{Heap before GC invocations=100 (full 0):
 garbage-first heap   total 863232K, used 678911K [0x0000000080000000, 0x0000000100000000)
  region size 1024K, 241 young (246784K), 36 survivors (36864K)
 Metaspace       used 213496K, committed 214720K, reserved 1245184K
  class space    used 28183K, committed 28800K, reserved 1048576K
}
Event: 52.329 GC heap after
{Heap after GC invocations=101 (full 0):
 garbage-first heap   total 863232K, used 512511K [0x0000000080000000, 0x0000000100000000)
  region size 1024K, 31 young (31744K), 31 survivors (31744K)
 Metaspace       used 213496K, committed 214720K, reserved 1245184K
  class space    used 28183K, committed 28800K, reserved 1048576K
}
Event: 52.561 GC heap before
{Heap before GC invocations=101 (full 0):
 garbage-first heap   total 863232K, used 695807K [0x0000000080000000, 0x0000000100000000)
  region size 1024K, 205 young (209920K), 31 survivors (31744K)
 Metaspace       used 213512K, committed 214720K, reserved 1245184K
  class space    used 28183K, committed 28800K, reserved 1048576K
}
Event: 52.601 GC heap after
{Heap after GC invocations=102 (full 0):
 garbage-first heap   total 863232K, used 556543K [0x0000000080000000, 0x0000000100000000)
  region size 1024K, 26 young (26624K), 26 survivors (26624K)
 Metaspace       used 213512K, committed 214720K, reserved 1245184K
  class space    used 28183K, committed 28800K, reserved 1048576K
}
Event: 52.957 GC heap before
{Heap before GC invocations=102 (full 0):
 garbage-first heap   total 863232K, used 703999K [0x0000000080000000, 0x0000000100000000)
  region size 1024K, 170 young (174080K), 26 survivors (26624K)
 Metaspace       used 213569K, committed 214784K, reserved 1245184K
  class space    used 28186K, committed 28800K, reserved 1048576K
}

Dll operation events (17 events):
Event: 0.009 Loaded shared library C:\Program Files\Eclipse Adoptium\jdk-17.0.20.8-hotspot\bin\java.dll
Event: 0.020 Loaded shared library C:\Program Files\Eclipse Adoptium\jdk-17.0.20.8-hotspot\bin\jsvml.dll
Event: 0.059 Loaded shared library C:\Program Files\Eclipse Adoptium\jdk-17.0.20.8-hotspot\bin\zip.dll
Event: 0.060 Loaded shared library C:\Program Files\Eclipse Adoptium\jdk-17.0.20.8-hotspot\bin\instrument.dll
Event: 0.063 Loaded shared library C:\Program Files\Eclipse Adoptium\jdk-17.0.20.8-hotspot\bin\net.dll
Event: 0.065 Loaded shared library C:\Program Files\Eclipse Adoptium\jdk-17.0.20.8-hotspot\bin\nio.dll
Event: 0.068 Loaded shared library C:\Program Files\Eclipse Adoptium\jdk-17.0.20.8-hotspot\bin\zip.dll
Event: 0.263 Loaded shared library C:\Program Files\Eclipse Adoptium\jdk-17.0.20.8-hotspot\bin\jimage.dll
Event: 0.321 Loaded shared library C:\Program Files\Eclipse Adoptium\jdk-17.0.20.8-hotspot\bin\verify.dll
Event: 0.473 Loaded shared library C:\Users\ZOZN109\.gradle\native\c067742578af261105cb4f569cf0c3c89f3d7b1fecec35dd04571415982c5e48\windows-amd64\native-platform.dll
Event: 0.479 Loaded shared library C:\Users\ZOZN109\.gradle\native\38dada09dfb8b06ba9b0570ebf7e218e3eb74d4ef43ca46872605cf95ebc2f47\windows-amd64\native-platform-file-events.dll
Event: 1.344 Loaded shared library C:\Program Files\Eclipse Adoptium\jdk-17.0.20.8-hotspot\bin\management.dll
Event: 1.348 Loaded shared library C:\Program Files\Eclipse Adoptium\jdk-17.0.20.8-hotspot\bin\management_ext.dll
Event: 1.559 Loaded shared library C:\Program Files\Eclipse Adoptium\jdk-17.0.20.8-hotspot\bin\extnet.dll
Event: 2.201 Loaded shared library C:\Program Files\Eclipse Adoptium\jdk-17.0.20.8-hotspot\bin\sunmscapi.dll
Event: 28.113 Loaded shared library C:\Users\ZOZN109\AppData\Local\Temp\native-platform11791978073132867052dir\native-platform.dll
Event: 29.051 Loaded shared library C:\Program Files\Eclipse Adoptium\jdk-17.0.20.8-hotspot\bin\rmi.dll

Deoptimization events (20 events):
Event: 52.680 Thread 0x000001fba4b5a720 DEOPT PACKING pc=0x000001fb40d62be1 sp=0x000000f3c71fec10
Event: 52.680 Thread 0x000001fba4b5a720 DEOPT UNPACKING pc=0x000001fb47ae7143 sp=0x000000f3c71fe0f8 mode 0
Event: 52.684 Thread 0x000001fba4b5a720 DEOPT PACKING pc=0x000001fb40d62be1 sp=0x000000f3c71fec10
Event: 52.684 Thread 0x000001fba4b5a720 DEOPT UNPACKING pc=0x000001fb47ae7143 sp=0x000000f3c71fe0f8 mode 0
Event: 52.687 Thread 0x000001fba4b5ac30 DEOPT PACKING pc=0x000001fb40d62be1 sp=0x000000f3c72fed20
Event: 52.687 Thread 0x000001fba4b5ac30 DEOPT UNPACKING pc=0x000001fb47ae7143 sp=0x000000f3c72fe208 mode 0
Event: 52.690 Thread 0x000001fba4b5a720 DEOPT PACKING pc=0x000001fb40d62be1 sp=0x000000f3c71fec10
Event: 52.690 Thread 0x000001fba4b5a720 DEOPT UNPACKING pc=0x000001fb47ae7143 sp=0x000000f3c71fe0f8 mode 0
Event: 52.693 Thread 0x000001fba4b592e0 DEOPT PACKING pc=0x000001fb40d62be1 sp=0x000000f3c73fef90
Event: 52.693 Thread 0x000001fba4b592e0 DEOPT UNPACKING pc=0x000001fb47ae7143 sp=0x000000f3c73fe478 mode 0
Event: 52.697 Thread 0x000001fba4b58dd0 DEOPT PACKING pc=0x000001fb40d62be1 sp=0x000000f3c74fee80
Event: 52.697 Thread 0x000001fba4b58dd0 DEOPT UNPACKING pc=0x000001fb47ae7143 sp=0x000000f3c74fe368 mode 0
Event: 52.781 Thread 0x000001fbb1862690 DEOPT PACKING pc=0x000001fb43776d24 sp=0x000000f3c4afcbe0
Event: 52.781 Thread 0x000001fbb1862690 DEOPT UNPACKING pc=0x000001fb47ae7143 sp=0x000000f3c4afc270 mode 0
Event: 52.796 Thread 0x000001fbb1862690 DEOPT PACKING pc=0x000001fb40d62be1 sp=0x000000f3c4afd390
Event: 52.796 Thread 0x000001fbb1862690 DEOPT UNPACKING pc=0x000001fb47ae7143 sp=0x000000f3c4afc878 mode 0
Event: 52.812 Thread 0x000001fbb1863fe0 DEOPT PACKING pc=0x000001fb438255d0 sp=0x000000f3c52fb5f0
Event: 52.812 Thread 0x000001fbb1863fe0 DEOPT UNPACKING pc=0x000001fb47ae7143 sp=0x000000f3c52faaf8 mode 0
Event: 52.871 Thread 0x000001fbb1862690 DEOPT PACKING pc=0x000001fb40d62be1 sp=0x000000f3c4afd410
Event: 52.871 Thread 0x000001fbb1862690 DEOPT UNPACKING pc=0x000001fb47ae7143 sp=0x000000f3c4afc8f8 mode 0

Classes loaded (20 events):
Event: 48.396 Loading class sun/security/jca/JCAUtil$CachedSecureRandomHolder
Event: 48.396 Loading class sun/security/jca/JCAUtil$CachedSecureRandomHolder done
Event: 48.400 Loading class sun/security/rsa/RSACore$BlindingRandomPair
Event: 48.400 Loading class sun/security/rsa/RSACore$BlindingRandomPair done
Event: 48.754 Loading class java/time/format/DateTimeParseException
Event: 48.754 Loading class java/time/format/DateTimeParseException done
Event: 48.898 Loading class java/util/regex/Pattern$Bound
Event: 48.898 Loading class java/util/regex/Pattern$Bound done
Event: 49.191 Loading class java/nio/file/FileChannelLinesSpliterator
Event: 49.191 Loading class java/nio/file/FileChannelLinesSpliterator done
Event: 49.593 Loading class java/util/concurrent/atomic/AtomicIntegerFieldUpdater
Event: 49.594 Loading class java/util/concurrent/atomic/AtomicIntegerFieldUpdater done
Event: 49.594 Loading class java/util/concurrent/atomic/AtomicIntegerFieldUpdater$AtomicIntegerFieldUpdaterImpl
Event: 49.594 Loading class java/util/concurrent/atomic/AtomicIntegerFieldUpdater$AtomicIntegerFieldUpdaterImpl done
Event: 49.594 Loading class java/util/concurrent/atomic/AtomicIntegerFieldUpdater$AtomicIntegerFieldUpdaterImpl$1
Event: 49.594 Loading class java/util/concurrent/atomic/AtomicIntegerFieldUpdater$AtomicIntegerFieldUpdaterImpl$1 done
Event: 50.874 Loading class java/util/concurrent/RecursiveAction
Event: 50.874 Loading class java/util/concurrent/RecursiveAction done
Event: 51.463 Loading class java/util/concurrent/ForkJoinPool$DefaultForkJoinWorkerThreadFactory$1
Event: 51.464 Loading class java/util/concurrent/ForkJoinPool$DefaultForkJoinWorkerThreadFactory$1 done

Classes unloaded (20 events):
Event: 47.022 Thread 0x000001fb58302010 Unloading class 0x000001fb5b49b400 'java/lang/invoke/LambdaForm$MH+0x000001fb5b49b400'
Event: 47.022 Thread 0x000001fb58302010 Unloading class 0x000001fb5b49ac00 'java/lang/invoke/LambdaForm$MH+0x000001fb5b49ac00'
Event: 47.022 Thread 0x000001fb58302010 Unloading class 0x000001fb5b49a400 'java/lang/invoke/LambdaForm$MH+0x000001fb5b49a400'
Event: 47.022 Thread 0x000001fb58302010 Unloading class 0x000001fb5b499c00 'java/lang/invoke/LambdaForm$MH+0x000001fb5b499c00'
Event: 47.022 Thread 0x000001fb58302010 Unloading class 0x000001fb5b499800 'java/lang/invoke/LambdaForm$MH+0x000001fb5b499800'
Event: 47.022 Thread 0x000001fb58302010 Unloading class 0x000001fb5b498c00 'jdk/internal/reflect/GeneratedSerializationConstructorAccessor137'
Event: 47.022 Thread 0x000001fb58302010 Unloading class 0x000001fb5b498800 'jdk/internal/reflect/GeneratedSerializationConstructorAccessor135'
Event: 47.022 Thread 0x000001fb58302010 Unloading class 0x000001fb5b498000 'jdk/internal/reflect/GeneratedSerializationConstructorAccessor133'
Event: 47.022 Thread 0x000001fb58302010 Unloading class 0x000001fb5b497800 'jdk/internal/reflect/GeneratedSerializationConstructorAccessor131'
Event: 47.022 Thread 0x000001fb58302010 Unloading class 0x000001fb5b497000 'jdk/internal/reflect/GeneratedSerializationConstructorAccessor129'
Event: 47.022 Thread 0x000001fb58302010 Unloading class 0x000001fb5b496400 'jdk/internal/reflect/GeneratedSerializationConstructorAccessor126'
Event: 47.022 Thread 0x000001fb58302010 Unloading class 0x000001fb5b496000 'jdk/internal/reflect/GeneratedSerializationConstructorAccessor125'
Event: 47.022 Thread 0x000001fb58302010 Unloading class 0x000001fb5b495000 'jdk/internal/reflect/GeneratedSerializationConstructorAccessor122'
Event: 47.022 Thread 0x000001fb58302010 Unloading class 0x000001fb5b494c00 'jdk/internal/reflect/GeneratedSerializationConstructorAccessor121'
Event: 47.022 Thread 0x000001fb58302010 Unloading class 0x000001fb5b3d0c00 'java/lang/invoke/LambdaForm$DMH+0x000001fb5b3d0c00'
Event: 48.419 Thread 0x000001fb58302010 Unloading class 0x000001fb5b80d000 'java/lang/invoke/LambdaForm$DMH+0x000001fb5b80d000'
Event: 48.419 Thread 0x000001fb58302010 Unloading class 0x000001fb5b80cc00 'java/lang/invoke/LambdaForm$DMH+0x000001fb5b80cc00'
Event: 48.419 Thread 0x000001fb58302010 Unloading class 0x000001fb5b80c800 'java/lang/invoke/LambdaForm$DMH+0x000001fb5b80c800'
Event: 48.419 Thread 0x000001fb58302010 Unloading class 0x000001fb5b80c400 'java/lang/invoke/LambdaForm$DMH+0x000001fb5b80c400'
Event: 48.419 Thread 0x000001fb58302010 Unloading class 0x000001fb5b7c0400 'java/lang/invoke/LambdaForm$DMH+0x000001fb5b7c0400'

Classes redefined (0 events):
No events

Internal exceptions (20 events):
Event: 50.261 Thread 0x000001fbb1862690 Exception <a 'sun/nio/fs/WindowsException'{0x00000000b01c43b8}> (0x00000000b01c43b8) 
thrown [s\src\hotspot\share\prims\jni.cpp, line 516]
Event: 50.555 Thread 0x000001fbb1863fe0 Exception <a 'sun/nio/fs/WindowsException'{0x00000000a9bc6ab8}> (0x00000000a9bc6ab8) 
thrown [s\src\hotspot\share\prims\jni.cpp, line 516]
Event: 50.555 Thread 0x000001fbb1863fe0 Exception <a 'sun/nio/fs/WindowsException'{0x00000000a9bc7468}> (0x00000000a9bc7468) 
thrown [s\src\hotspot\share\prims\jni.cpp, line 516]
Event: 50.555 Thread 0x000001fbb1863fe0 Exception <a 'sun/nio/fs/WindowsException'{0x00000000a9bc7de0}> (0x00000000a9bc7de0) 
thrown [s\src\hotspot\share\prims\jni.cpp, line 516]
Event: 50.555 Thread 0x000001fbb1863fe0 Exception <a 'sun/nio/fs/WindowsException'{0x00000000a9bc8808}> (0x00000000a9bc8808) 
thrown [s\src\hotspot\share\prims\jni.cpp, line 516]
Event: 50.555 Thread 0x000001fbb1863fe0 Exception <a 'sun/nio/fs/WindowsException'{0x00000000a924b558}> (0x00000000a924b558) 
thrown [s\src\hotspot\share\prims\jni.cpp, line 516]
Event: 50.563 Thread 0x000001fbb1863fe0 Exception <a 'sun/nio/fs/WindowsException'{0x00000000a92a5ed0}> (0x00000000a92a5ed0) 
thrown [s\src\hotspot\share\prims\jni.cpp, line 516]
Event: 50.564 Thread 0x000001fbb1863fe0 Exception <a 'sun/nio/fs/WindowsException'{0x00000000a92a6938}> (0x00000000a92a6938) 
thrown [s\src\hotspot\share\prims\jni.cpp, line 516]
Event: 50.565 Thread 0x000001fbb1863fe0 Exception <a 'sun/nio/fs/WindowsException'{0x00000000a92a8eb0}> (0x00000000a92a8eb0) 
thrown [s\src\hotspot\share\prims\jni.cpp, line 516]
Event: 50.565 Thread 0x000001fbb1863fe0 Exception <a 'sun/nio/fs/WindowsException'{0x00000000a92ab3a0}> (0x00000000a92ab3a0) 
thrown [s\src\hotspot\share\prims\jni.cpp, line 516]
Event: 50.565 Thread 0x000001fbb1863fe0 Exception <a 'sun/nio/fs/WindowsException'{0x00000000a92abe28}> (0x00000000a92abe28) 
thrown [s\src\hotspot\share\prims\jni.cpp, line 516]
Event: 50.566 Thread 0x000001fbb1863fe0 Exception <a 'sun/nio/fs/WindowsException'{0x00000000a92acf18}> (0x00000000a92acf18) 
thrown [s\src\hotspot\share\prims\jni.cpp, line 516]
Event: 50.566 Thread 0x000001fbb1863fe0 Exception <a 'sun/nio/fs/WindowsException'{0x00000000a92adf48}> (0x00000000a92adf48) 
thrown [s\src\hotspot\share\prims\jni.cpp, line 516]
Event: 50.566 Thread 0x000001fbb1863fe0 Exception <a 'sun/nio/fs/WindowsException'{0x00000000a92aef68}> (0x00000000a92aef68) 
thrown [s\src\hotspot\share\prims\jni.cpp, line 516]
Event: 50.567 Thread 0x000001fbb1863fe0 Exception <a 'sun/nio/fs/WindowsException'{0x00000000a92b04e0}> (0x00000000a92b04e0) 
thrown [s\src\hotspot\share\prims\jni.cpp, line 516]
Event: 50.567 Thread 0x000001fbb1863fe0 Exception <a 'sun/nio/fs/WindowsException'{0x00000000a92b1510}> (0x00000000a92b1510) 
thrown [s\src\hotspot\share\prims\jni.cpp, line 516]
Event: 50.568 Thread 0x000001fbb1863fe0 Exception <a 'sun/nio/fs/WindowsException'{0x00000000a92b2ac0}> (0x00000000a92b2ac0) 
thrown [s\src\hotspot\share\prims\jni.cpp, line 516]
Event: 50.568 Thread 0x000001fbb1863fe0 Exception <a 'sun/nio/fs/WindowsException'{0x00000000a92b3f90}> (0x00000000a92b3f90) 
thrown [s\src\hotspot\share\prims\jni.cpp, line 516]
Event: 51.482 Thread 0x000001fba4b58dd0 Implicit null exception at 0x000001fb485c166b to 0x000001fb485c1f38
Event: 51.966 Thread 0x000001fbb1863fe0 Exception <a 'sun/nio/fs/WindowsException'{0x00000000a53fd5c0}> (0x00000000a53fd5c0) 
thrown [s\src\hotspot\share\prims\jni.cpp, line 516]

VM Operations (20 events):
Event: 51.055 Executing VM operation: HandshakeAllThreads done
Event: 51.153 Executing VM operation: ICBufferFull
Event: 51.153 Executing VM operation: ICBufferFull done
Event: 51.195 Executing VM operation: G1CollectForAllocation
Event: 51.260 Executing VM operation: G1CollectForAllocation done
Event: 51.472 Executing VM operation: HandshakeAllThreads
Event: 51.473 Executing VM operation: HandshakeAllThreads done
Event: 51.613 Executing VM operation: ICBufferFull
Event: 51.614 Executing VM operation: ICBufferFull done
Event: 51.660 Executing VM operation: G1CollectForAllocation
Event: 51.696 Executing VM operation: G1CollectForAllocation done
Event: 51.991 Executing VM operation: G1CollectForAllocation
Event: 52.035 Executing VM operation: G1CollectForAllocation done
Event: 52.286 Executing VM operation: G1CollectForAllocation
Event: 52.329 Executing VM operation: G1CollectForAllocation done
Event: 52.561 Executing VM operation: G1CollectForAllocation
Event: 52.601 Executing VM operation: G1CollectForAllocation done
Event: 52.781 Executing VM operation: HandshakeAllThreads
Event: 52.781 Executing VM operation: HandshakeAllThreads done
Event: 52.957 Executing VM operation: G1CollectForAllocation

Memory protections (0 events):
No events

Nmethod flushes (20 events):
Event: 50.698 Thread 0x000001fb5832aaf0 flushing  nmethod 0x000001fb43632d10
Event: 50.698 Thread 0x000001fb5832aaf0 flushing  nmethod 0x000001fb43633690
Event: 50.698 Thread 0x000001fb5832aaf0 flushing  nmethod 0x000001fb43639690
Event: 50.698 Thread 0x000001fb5832aaf0 flushing  nmethod 0x000001fb4363b390
Event: 50.698 Thread 0x000001fb5832aaf0 flushing  nmethod 0x000001fb4363c590
Event: 50.698 Thread 0x000001fb5832aaf0 flushing  nmethod 0x000001fb43641d90
Event: 50.698 Thread 0x000001fb5832aaf0 flushing  nmethod 0x000001fb4364a010
Event: 50.698 Thread 0x000001fb5832aaf0 flushing  nmethod 0x000001fb4364a410
Event: 50.698 Thread 0x000001fb5832aaf0 flushing  nmethod 0x000001fb4364ac10
Event: 50.698 Thread 0x000001fb5832aaf0 flushing  nmethod 0x000001fb43650490
Event: 50.698 Thread 0x000001fb5832aaf0 flushing  nmethod 0x000001fb43650890
Event: 50.698 Thread 0x000001fb5832aaf0 flushing  nmethod 0x000001fb43651010
Event: 50.698 Thread 0x000001fb5832aaf0 flushing  nmethod 0x000001fb43666f90
Event: 50.698 Thread 0x000001fb5832aaf0 flushing  nmethod 0x000001fb43669e90
Event: 50.698 Thread 0x000001fb5832aaf0 flushing  nmethod 0x000001fb4366a790
Event: 50.698 Thread 0x000001fb5832aaf0 flushing  nmethod 0x000001fb43671890
Event: 50.698 Thread 0x000001fb5832aaf0 flushing  nmethod 0x000001fb43672390
Event: 50.698 Thread 0x000001fb5832aaf0 flushing  nmethod 0x000001fb43672b10
Event: 50.698 Thread 0x000001fb5832aaf0 flushing  nmethod 0x000001fb43677690
Event: 50.698 Thread 0x000001fb5832aaf0 flushing  nmethod 0x000001fb43677a10

Events (20 events):
Event: 48.214 Thread 0x000001fba42d3e70 Thread added: 0x000001fba44955a0
Event: 48.215 Thread 0x000001fba44955a0 Thread added: 0x000001fba4b56f70
Event: 48.215 Thread 0x000001fba4b56f70 Thread added: 0x000001fba4b56040
Event: 48.215 Thread 0x000001fba4b56040 Thread added: 0x000001fba4b56a60
Event: 48.261 Thread 0x000001fba4b56040 Thread added: 0x000001fba4b57480
Event: 48.262 Thread 0x000001fba4b57480 Thread added: 0x000001fba4b541e0
Event: 48.262 Thread 0x000001fba4b541e0 Thread added: 0x000001fba4b55b30
Event: 48.262 Thread 0x000001fba4b55b30 Thread added: 0x000001fba4b56550
Event: 48.263 Thread 0x000001fba4b56550 Thread added: 0x000001fba4b53cd0
Event: 48.263 Thread 0x000001fba4b53cd0 Thread added: 0x000001fba4b57ea0
Event: 48.264 Thread 0x000001fba4b57ea0 Thread added: 0x000001fba4b546f0
Event: 48.264 Thread 0x000001fba4b546f0 Thread added: 0x000001fba4b55620
Event: 51.464 Thread 0x000001fbb1862690 Thread added: 0x000001fba4b57990
Event: 51.465 Thread 0x000001fbb1862690 Thread added: 0x000001fba4b5b650
Event: 51.466 Thread 0x000001fbb1862690 Thread added: 0x000001fba4b5a210
Event: 51.467 Thread 0x000001fba4b57990 Thread added: 0x000001fba4b59d00
Event: 51.467 Thread 0x000001fba4b5b650 Thread added: 0x000001fba4b5a720
Event: 51.467 Thread 0x000001fba4b5a210 Thread added: 0x000001fba4b5ac30
Event: 51.467 Thread 0x000001fba4b59d00 Thread added: 0x000001fba4b592e0
Event: 51.467 Thread 0x000001fba4b5a720 Thread added: 0x000001fba4b58dd0


Dynamic libraries:
0x00007ff69a1f0000 - 0x00007ff69a1fe000 	C:\Program Files\Eclipse Adoptium\jdk-17.0.20.8-hotspot\bin\java.exe
0x00007ff9ffb20000 - 0x00007ff9ffd86000 	C:\WINDOWS\SYSTEM32\ntdll.dll
0x00007ff9fe330000 - 0x00007ff9fe3f9000 	C:\WINDOWS\System32\KERNEL32.DLL
0x00007ff9fd200000 - 0x00007ff9fd5ff000 	C:\WINDOWS\System32\KERNELBASE.dll
0x00007ff9fcd30000 - 0x00007ff9fce7c000 	C:\WINDOWS\System32\ucrtbase.dll
0x00007ff9d50f0000 - 0x00007ff9d5108000 	C:\Program Files\Eclipse Adoptium\jdk-17.0.20.8-hotspot\bin\jli.dll
0x00007ff9d3850000 - 0x00007ff9d386e000 	C:\Program Files\Eclipse Adoptium\jdk-17.0.20.8-hotspot\bin\VCRUNTIME140.dll
0x00007ff9ff820000 - 0x00007ff9ff9e6000 	C:\WINDOWS\System32\USER32.dll
0x00007ff9e24f0000 - 0x00007ff9e2781000 	C:\WINDOWS\WinSxS\amd64_microsoft.windows.common-controls_6595b64144ccf1df_6.0.26100.8972_none_3e0da176e32f9d4b\COMCTL32.dll
0x00007ff9fd080000 - 0x00007ff9fd0a7000 	C:\WINDOWS\System32\win32u.dll
0x00007ff9ff3e0000 - 0x00007ff9ff489000 	C:\WINDOWS\System32\msvcrt.dll
0x00007ff9fdb70000 - 0x00007ff9fdb9b000 	C:\WINDOWS\System32\GDI32.dll
0x00007ff9fce90000 - 0x00007ff9fcfb9000 	C:\WINDOWS\System32\gdi32full.dll
0x00007ff9fd610000 - 0x00007ff9fd6b3000 	C:\WINDOWS\System32\msvcp_win.dll
0x00007ff9fe400000 - 0x00007ff9fe432000 	C:\WINDOWS\System32\IMM32.DLL
0x00007ff9f9450000 - 0x00007ff9f945c000 	C:\Program Files\Eclipse Adoptium\jdk-17.0.20.8-hotspot\bin\vcruntime140_1.dll
0x00007ff9ce880000 - 0x00007ff9ce90d000 	C:\Program Files\Eclipse Adoptium\jdk-17.0.20.8-hotspot\bin\msvcp140.dll
0x00007ff933820000 - 0x00007ff93448c000 	C:\Program Files\Eclipse Adoptium\jdk-17.0.20.8-hotspot\bin\server\jvm.dll
0x00007ff9ff490000 - 0x00007ff9ff54c000 	C:\WINDOWS\System32\ADVAPI32.dll
0x00007ff9fda30000 - 0x00007ff9fdada000 	C:\WINDOWS\System32\sechost.dll
0x00007ff9ff570000 - 0x00007ff9ff688000 	C:\WINDOWS\System32\RPCRT4.dll
0x00007ff9fdae0000 - 0x00007ff9fdb62000 	C:\WINDOWS\System32\WS2_32.dll
0x00007ff9fcb90000 - 0x00007ff9fcbee000 	C:\WINDOWS\SYSTEM32\POWRPROF.dll
0x00007ff9f28c0000 - 0x00007ff9f28f6000 	C:\WINDOWS\SYSTEM32\WINMM.dll
0x00007ff9f4700000 - 0x00007ff9f470b000 	C:\WINDOWS\SYSTEM32\VERSION.dll
0x00007ff9fcb70000 - 0x00007ff9fcb85000 	C:\WINDOWS\SYSTEM32\UMPDC.dll
0x00007ff9fb9e0000 - 0x00007ff9fb9fb000 	C:\WINDOWS\SYSTEM32\kernel.appcore.dll
0x00007ff9df4b0000 - 0x00007ff9df4ba000 	C:\Program Files\Eclipse Adoptium\jdk-17.0.20.8-hotspot\bin\jimage.dll
0x00007ff9fa490000 - 0x00007ff9fa6d2000 	C:\WINDOWS\SYSTEM32\DBGHELP.DLL
0x00007ff9feab0000 - 0x00007ff9fee35000 	C:\WINDOWS\System32\combase.dll
0x00007ff9fe5b0000 - 0x00007ff9fe689000 	C:\WINDOWS\System32\OLEAUT32.dll
0x00007ff9d8870000 - 0x00007ff9d88ab000 	C:\WINDOWS\SYSTEM32\dbgcore.DLL
0x00007ff9fd0b0000 - 0x00007ff9fd15c000 	C:\WINDOWS\System32\bcryptPrimitives.dll
0x00007ff9de750000 - 0x00007ff9de75e000 	C:\Program Files\Eclipse Adoptium\jdk-17.0.20.8-hotspot\bin\instrument.dll
0x00007ff9d2cc0000 - 0x00007ff9d2ce5000 	C:\Program Files\Eclipse Adoptium\jdk-17.0.20.8-hotspot\bin\java.dll
0x00007ff9c4570000 - 0x00007ff9c4647000 	C:\Program Files\Eclipse Adoptium\jdk-17.0.20.8-hotspot\bin\jsvml.dll
0x00007ff9fdba0000 - 0x00007ff9fe328000 	C:\WINDOWS\System32\SHELL32.dll
0x00007ff9fa7c0000 - 0x00007ff9fb05b000 	C:\WINDOWS\SYSTEM32\windows.storage.dll
0x00007ff9ff720000 - 0x00007ff9ff819000 	C:\WINDOWS\System32\SHCORE.dll
0x00007ff9fe440000 - 0x00007ff9fe4a6000 	C:\WINDOWS\System32\shlwapi.dll
0x00007ff9fcc50000 - 0x00007ff9fcc79000 	C:\WINDOWS\SYSTEM32\profapi.dll
0x00007ff9d23d0000 - 0x00007ff9d23e8000 	C:\Program Files\Eclipse Adoptium\jdk-17.0.20.8-hotspot\bin\zip.dll
0x00007ff9d23b0000 - 0x00007ff9d23ca000 	C:\Program Files\Eclipse Adoptium\jdk-17.0.20.8-hotspot\bin\net.dll
0x00007ff9f2ed0000 - 0x00007ff9f2ff8000 	C:\WINDOWS\SYSTEM32\WINHTTP.dll
0x00007ff9fbf70000 - 0x00007ff9fbfdc000 	C:\WINDOWS\system32\mswsock.dll
0x00007ff9d2200000 - 0x00007ff9d2216000 	C:\Program Files\Eclipse Adoptium\jdk-17.0.20.8-hotspot\bin\nio.dll
0x00007ff9de080000 - 0x00007ff9de090000 	C:\Program Files\Eclipse Adoptium\jdk-17.0.20.8-hotspot\bin\verify.dll
0x00007ff9d1680000 - 0x00007ff9d16a7000 	C:\Users\ZOZN109\.gradle\native\c067742578af261105cb4f569cf0c3c89f3d7b1fecec35dd04571415982c5e48\windows-amd64\native-platform.dll
0x00007ff964360000 - 0x00007ff9644a4000 	C:\Users\ZOZN109\.gradle\native\38dada09dfb8b06ba9b0570ebf7e218e3eb74d4ef43ca46872605cf95ebc2f47\windows-amd64\native-platform-file-events.dll
0x00007ff9dd280000 - 0x00007ff9dd28a000 	C:\Program Files\Eclipse Adoptium\jdk-17.0.20.8-hotspot\bin\management.dll
0x00007ff9dcb40000 - 0x00007ff9dcb4c000 	C:\Program Files\Eclipse Adoptium\jdk-17.0.20.8-hotspot\bin\management_ext.dll
0x00007ff9fd880000 - 0x00007ff9fd888000 	C:\WINDOWS\System32\PSAPI.DLL
0x00007ff9fc390000 - 0x00007ff9fc3ab000 	C:\WINDOWS\SYSTEM32\CRYPTSP.dll
0x00007ff9fb940000 - 0x00007ff9fb979000 	C:\WINDOWS\system32\rsaenh.dll
0x00007ff9fc020000 - 0x00007ff9fc052000 	C:\WINDOWS\SYSTEM32\USERENV.dll
0x00007ff9fcc20000 - 0x00007ff9fcc4a000 	C:\WINDOWS\SYSTEM32\bcrypt.dll
0x00007ff9fc1d0000 - 0x00007ff9fc1dc000 	C:\WINDOWS\SYSTEM32\CRYPTBASE.dll
0x00007ff9fb3e0000 - 0x00007ff9fb413000 	C:\WINDOWS\SYSTEM32\IPHLPAPI.DLL
0x00007ff9ff560000 - 0x00007ff9ff56a000 	C:\WINDOWS\System32\NSI.dll
0x00007ff9f4130000 - 0x00007ff9f414d000 	C:\WINDOWS\SYSTEM32\dhcpcsvc6.DLL
0x00007ff9f2b60000 - 0x00007ff9f2b85000 	C:\WINDOWS\SYSTEM32\dhcpcsvc.DLL
0x00007ff9fb480000 - 0x00007ff9fb5d8000 	C:\WINDOWS\SYSTEM32\DNSAPI.dll
0x00007ff9fbd70000 - 0x00007ff9fbd7d000 	C:\WINDOWS\SYSTEM32\DSPARSE.dll
0x00007ff9dc2a0000 - 0x00007ff9dc2a9000 	C:\Program Files\Eclipse Adoptium\jdk-17.0.20.8-hotspot\bin\extnet.dll
0x00007ff9da4d0000 - 0x00007ff9da4de000 	C:\Program Files\Eclipse Adoptium\jdk-17.0.20.8-hotspot\bin\sunmscapi.dll
0x00007ff9fd6c0000 - 0x00007ff9fd83e000 	C:\WINDOWS\System32\CRYPT32.dll
0x00007ff9fc500000 - 0x00007ff9fc530000 	C:\WINDOWS\SYSTEM32\ncrypt.dll
0x00007ff9fc4b0000 - 0x00007ff9fc4ef000 	C:\WINDOWS\SYSTEM32\NTASN1.dll
0x00007ff9dfc90000 - 0x00007ff9dfc98000 	C:\WINDOWS\system32\wshunix.dll
0x00007ff9dc0e0000 - 0x00007ff9dc0f8000 	C:\WINDOWS\system32\napinsp.dll
0x00007ff9da600000 - 0x00007ff9da613000 	C:\WINDOWS\System32\winrnr.dll
0x00007ff9da4e0000 - 0x00007ff9da502000 	C:\WINDOWS\system32\nlansp_c.dll
0x00007ff9f2530000 - 0x00007ff9f2546000 	C:\WINDOWS\system32\wshbth.dll
0x00007ff9f4160000 - 0x00007ff9f416b000 	C:\Windows\System32\rasadhlp.dll
0x00007ff9efe30000 - 0x00007ff9efeb6000 	C:\WINDOWS\System32\fwpuclnt.dll
0x00007ff9d1510000 - 0x00007ff9d152e000 	C:\Users\ZOZN109\AppData\Local\Temp\native-platform11791978073132867052dir\native-platform.dll
0x00007ff9e7070000 - 0x00007ff9e7077000 	C:\Program Files\Eclipse Adoptium\jdk-17.0.20.8-hotspot\bin\rmi.dll

dbghelp: loaded successfully - version: 4.0.5 - missing functions: none
symbol engine: initialized successfully - sym options: 0x614 - pdb path: .;C:\Program Files\Eclipse Adoptium\jdk-17.0.20.8-hotspot\bin;C:\WINDOWS\SYSTEM32;C:\WINDOWS\WinSxS\amd64_microsoft.windows.common-controls_6595b64144ccf1df_6.0.26100.8972_none_3e0da176e32f9d4b;C:\Program Files\Eclipse Adoptium\jdk-17.0.20.8-hotspot\bin\server;C:\Users\ZOZN109\.gradle\native\c067742578af261105cb4f569cf0c3c89f3d7b1fecec35dd04571415982c5e48\windows-amd64;C:\Users\ZOZN109\.gradle\native\38dada09dfb8b06ba9b0570ebf7e218e3eb74d4ef43ca46872605cf95ebc2f47\windows-amd64;C:\Users\ZOZN109\AppData\Local\Temp\native-platform11791978073132867052dir

VM Arguments:
jvm_args: --add-opens=java.base/java.util=ALL-UNNAMED --add-opens=java.base/java.lang=ALL-UNNAMED --add-opens=java.base/java.lang.invoke=ALL-UNNAMED --add-opens=java.prefs/java.util.prefs=ALL-UNNAMED --add-opens=java.base/java.nio.charset=ALL-UNNAMED --add-opens=java.base/java.net=ALL-UNNAMED --add-opens=java.base/java.util.concurrent.atomic=ALL-UNNAMED -Xmx2048m -Dfile.encoding=UTF-8 -Duser.country=US -Duser.language=en -Duser.variant -javaagent:C:\Gradle\gradle-8.7\lib\agents\gradle-instrumentation-agent-8.7.jar 
java_command: org.gradle.launcher.daemon.bootstrap.GradleDaemon 8.7
java_class_path (initial): C:\Gradle\gradle-8.7\lib\gradle-launcher-8.7.jar
Launcher Type: SUN_STANDARD

[Global flags]
     intx CICompilerCount                          = 12                                        {product} {ergonomic}
     uint ConcGCThreads                            = 3                                         {product} {ergonomic}
     uint G1ConcRefinementThreads                  = 13                                        {product} {ergonomic}
   size_t G1HeapRegionSize                         = 1048576                                   {product} {ergonomic}
    uintx GCDrainStackTargetSize                   = 64                                        {product} {ergonomic}
   size_t InitialHeapSize                          = 232783872                                 {product} {ergonomic}
   size_t MarkStackSize                            = 4194304                                   {product} {ergonomic}
   size_t MaxHeapSize                              = 2147483648                                {product} {command line}
   size_t MaxNewSize                               = 1287651328                                {product} {ergonomic}
   size_t MinHeapDeltaBytes                        = 1048576                                   {product} {ergonomic}
   size_t MinHeapSize                              = 8388608                                   {product} {ergonomic}
    uintx NonNMethodCodeHeapSize                   = 7602480                                {pd product} {ergonomic}
    uintx NonProfiledCodeHeapSize                  = 122027880                              {pd product} {ergonomic}
    uintx ProfiledCodeHeapSize                     = 122027880                              {pd product} {ergonomic}
    uintx ReservedCodeCacheSize                    = 251658240                              {pd product} {ergonomic}
     bool SegmentedCodeCache                       = true                                      {product} {ergonomic}
   size_t SoftMaxHeapSize                          = 2147483648                             {manageable} {ergonomic}
     bool UseCompressedClassPointers               = true                           {product lp64_product} {ergonomic}
     bool UseCompressedOops                        = true                           {product lp64_product} {ergonomic}
     bool UseG1GC                                  = true                                      {product} {ergonomic}
     bool UseLargePagesIndividualAllocation        = false                                  {pd product} {ergonomic}

Logging:
Log output configuration:
 #0: stdout all=warning uptime,level,tags
 #1: stderr all=off uptime,level,tags

Environment Variables:
JAVA_HOME=C:\Program Files\Eclipse Adoptium\jdk-17.0.20.8-hotspot
CLASSPATH=C:\Gradle\gradle-8.7\lib\gradle-launcher-8.7.jar
PATH=D:\miniforge3\condabin;C:\Program Files\PowerShell\7;C:\Program Files\Eclipse Adoptium\jdk-17.0.20.8-hotspot\bin;C:\WINDOWS\system32;C:\WINDOWS;C:\WINDOWS\System32\Wbem;C:\WINDOWS\System32\WindowsPowerShell\v1.0\;C:\WINDOWS\System32\OpenSSH\;C:\Program Files\MiKTeX\miktex\bin\x64\;C:\Program Files\dotnet\;D:\Program Files (x86)\PDFtk Server\bin\;D:\Program Files\gs\gs10.04.0\bin;C:\Users\ZOZN109\AppData\Local\nvm;C:\nvm4w\nodejs;C:\Program Files\GitHub CLI\;C:\Program Files\WSL\;D:\Docker\resources\bin;C:\Program Files\starship\bin\;C:\Program Files\Git\cmd;C:\Program Files\PowerShell\7\;C:\Program Files\Git\usr\bin;C:\Program Files\Git\bin;C:\Users\ZOZN109\AppData\Local\agy\bin;C:\Users\ZOZN109\AppData\Local\Programs\Quarto\bin;C:\Users\ZOZN109\.local\bin;D:\miniforge3;D:\miniforge3\Library\bin;D:\miniforge3\Scripts;C:\Users\ZOZN109\AppData\Local\Microsoft\WindowsApps;C:\Users\ZOZN109\AppData\Local\GitHubDesktop\bin;C:\Users\ZOZN109\AppData\Local\Programs\Microsoft VS Code\bin;C:\Users\ZOZN109\AppData\Local\Pandoc\;C:\Users\ZOZN109\AppData\Local\nvm;C:\nvm4w\nodejs;C:\Users\ZOZN109\AppData\Roaming\npm;C:\Users\ZOZN109\AppData\Local\Obsidian;c:\users\zozn109\appdata\roaming\python\python312\scripts;C:\Users\ZOZN109\.onwatch\bin;C:\Users\ZOZN109\AppData\Local\Microsoft\WinGet\Links;C:\Users\ZOZN109\AppData\Local\PowerToys\DSCModules\
USERNAME=ZOZN109
OS=Windows_NT
PROCESSOR_IDENTIFIER=AMD64 Family 25 Model 80 Stepping 0, AuthenticAMD
TMP=C:\Users\ZOZN109\AppData\Local\Temp
TEMP=C:\Users\ZOZN109\AppData\Local\Temp



Periodic native trim disabled


---------------  S Y S T E M  ---------------

OS:
 Windows 11 , 64 bit Build 26100 (10.0.26100.9168)
OS uptime: 4 days 20:18 hours
Hyper-V role detected

CPU: total 16 (initial active 16) (16 cores per cpu, 2 threads per core) family 25 model 80 stepping 0 microcode 0xa500011, cx8, cmov, fxsr, ht, mmx, 3dnowpref, sse, sse2, sse3, ssse3, sse4a, sse4.1, sse4.2, popcnt, lzcnt, tsc, tscinvbit, avx, avx2, aes, erms, clmul, bmi1, bmi2, adx, sha, fma, vzeroupper, clflush, clflushopt, hv
Processor Information for all 16 processors :
  Max Mhz: 3201, Current Mhz: 3201, Mhz Limit: 3201

Memory: 4k page, system-wide physical 14182M (466M free)
TotalPageFile size 39782M (AvailPageFile size 107M)
current process WorkingSet (physical memory assigned to process): 1248M, peak: 1249M
current process commit charge ("private bytes"): 1413M, peak: 1604M

vm_info: OpenJDK 64-Bit Server VM (17.0.20+8) for windows-amd64 JRE (17.0.20+8), built on Jul 22 2026 00:41:45 by "admin" with MS VC++ 17.12 (VS2022)

END.
